TimeStamp,Close,TradeVolume,TradeCount
2018-01-01,754.99,53909.25885,75314
2018-01-02,855.28,113257.78355,142511
2018-01-03,934.03,89041.45688,118866
2018-01-04,940.0,102894.47384,132633
2018-01-05,959.3,97374.0163,124438
2018-01-06,1004.11,71954.27895,91685
2018-01-07,1123.09,65278.81957,89192
2018-01-08,1133.18,158831.54798,171664
2018-01-09,1291.0,118702.88684,152628
2018-01-10,1247.0,160185.0129,191352
2018-01-11,1138.93,194546.29387,210914
2018-01-12,1253.87,93763.47261,117851
2018-01-13,1388.02,75893.43201,115872
2018-01-14,1347.0,98391.19585,124920
2018-01-15,1271.0,69236.70476,105410
2018-01-16,1000.0,343889.36509,304696
2018-01-17,1000.0,436333.67326,391331
2018-01-18,994.0,294545.71207,278162
2018-01-19,1032.5,167954.11253,171662
2018-01-20,1152.75,123352.58362,139129
2018-01-21,1049.0,175031.00789,189013
2018-01-22,993.0,185212.52002,200594
2018-01-23,980.0,160159.63958,188114
2018-01-24,1061.0,134257.7947,164024
2018-01-25,1056.52,119415.93495,140455
2018-01-26,1051.03,145113.638,168271
2018-01-27,1118.99,96894.33839,130125
2018-01-28,1251.96,143510.73586,191653
2018-01-29,1177.01,105292.76808,172601
2018-01-30,1085.5,155278.55404,257484
2018-01-31,1124.81,100372.03783,191394
2018-02-01,1041.94,203355.29052,343466
2018-02-02,922.3,377375.22874,501434
2018-02-03,971.0,160037.88129,277958
2018-02-04,823.56,186446.0316,291397
2018-02-05,697.92,365516.52899,430516
2018-02-06,779.25,648944.4204,685832
2018-02-07,754.0,356403.4441,394597
2018-02-08,781.66,10516.2619,8507
2018-02-09,877.0,95447.67289,196544
2018-02-10,851.15,214818.06768,342039
2018-02-11,808.99,189323.408,318895
2018-02-12,866.66,143586.93121,300970
2018-02-13,841.57,110305.93537,234604
2018-02-14,919.09,150342.85558,297425
2018-02-15,924.55,155637.78524,308893
2018-02-16,938.67,115540.16349,247188
2018-02-17,969.99,110091.03618,224139
2018-02-18,911.0,160129.79518,287445
2018-02-19,938.11,80099.49534,188985
2018-02-20,882.99,120056.67502,225795
2018-02-21,835.89,176200.55151,324214
2018-02-22,801.49,137561.85113,265430
2018-02-23,851.6,154507.41338,283445
2018-02-24,833.94,89311.5794,180745
2018-02-25,841.19,59431.26474,134040
2018-02-26,867.98,74911.4656,135463
2018-02-27,870.11,63487.68425,113151
2018-02-28,853.5,53620.45209,102553
2018-03-01,870.63,43785.00503,89476
2018-03-02,856.28,39436.26006,77178
2018-03-03,856.02,34170.2942,65375
2018-03-04,866.66,29735.01829,64562
2018-03-05,849.84,30567.79813,61568
2018-03-06,813.11,48658.06883,90220
2018-03-07,749.9,109013.2838,157657
2018-03-08,695.46,76312.77819,124325
2018-03-09,723.71,116545.37303,174238
2018-03-10,680.58,63012.67972,98429
2018-03-11,720.85,73967.35869,108011
2018-03-12,697.11,67732.85988,107566
2018-03-13,689.94,55735.18315,110481
2018-03-14,610.1,89904.25415,139296
2018-03-15,608.83,94426.72453,139923
2018-03-16,599.05,64720.20994,84631
2018-03-17,546.95,68022.4592,85603
2018-03-18,537.0,248817.226,273110
2018-03-19,556.88,184798.77062,190236
2018-03-20,557.0,135426.91549,141920
2018-03-21,559.17,117019.17321,139151
2018-03-22,539.92,111106.19916,123941
2018-03-23,543.03,106416.06746,122067
2018-03-24,520.22,87710.78945,104841
2018-03-25,523.74,71903.1713,90242
2018-03-26,485.0,151084.23688,144216
2018-03-27,448.5,138188.76042,139179
2018-03-28,446.67,89895.47885,90706
2018-03-29,384.0,225341.94316,176576
2018-03-30,392.43,292254.79437,232555
2018-03-31,393.92,167833.59399,134396
2018-04-01,378.58,150493.99422,119329
2018-04-02,385.05,113242.14191,95810
2018-04-03,415.01,137897.55565,118778
2018-04-04,378.16,140598.39668,132792
2018-04-05,381.22,120314.05875,103370
2018-04-06,368.89,74458.69141,69396
2018-04-07,384.51,71463.42848,65341
2018-04-08,400.4,57395.52936,61290
2018-04-09,399.44,151653.50413,122647
2018-04-10,416.07,81394.29605,73634
2018-04-11,429.52,86706.68627,76885
2018-04-12,495.67,249766.38316,202769
2018-04-13,495.11,251752.08782,206506
2018-04-14,502.68,121283.3338,98631
2018-04-15,533.88,108739.15395,93171
2018-04-16,511.46,130359.52549,103147
2018-04-17,502.56,96541.96382,91563
2018-04-18,526.09,73161.95251,68912
2018-04-19,568.14,112235.77328,100508
2018-04-20,617.09,160209.03951,153184
2018-04-21,604.87,159364.95353,159407
2018-04-22,620.92,120127.3728,122258
2018-04-23,645.09,77475.70793,88353
2018-04-24,701.58,171437.66972,159888
2018-04-25,618.0,341439.50428,309129
2018-04-26,661.51,155754.00815,150017
2018-04-27,643.46,134803.48389,132051
2018-04-28,682.86,113128.36337,114761
2018-04-29,690.85,110020.23869,121177
2018-04-30,670.78,112494.9172,109155
2018-05-01,672.0,133123.66675,120421
2018-05-02,688.56,86185.5033,97534
2018-05-03,779.0,229419.209,210459
2018-05-04,785.99,179924.40215,161690
2018-05-05,819.5,128631.18764,121136
2018-05-06,794.3,166871.16002,154829
2018-05-07,752.49,284237.06328,232411
2018-05-08,748.99,135106.19621,126971
2018-05-09,751.75,112353.37758,104593
2018-05-10,722.52,102019.29933,99850
2018-05-11,676.96,216953.54991,192008
2018-05-12,684.11,166801.07487,159177
2018-05-13,729.08,136022.39207,116733
2018-05-14,727.49,183466.9224,152787
2018-05-15,704.91,127191.21863,115906
2018-05-16,706.29,118902.46895,121956
2018-05-17,667.62,106723.38375,109610
2018-05-18,692.6,106541.66307,114419
2018-05-19,697.0,88828.85641,99860
2018-05-20,716.16,86004.7409,91685
2018-05-21,696.7,96085.15451,89438
2018-05-22,640.99,107059.5769,110915
2018-05-23,577.19,257099.77096,203100
2018-05-24,602.18,195854.62497,159755
2018-05-25,585.55,118076.26273,115243
2018-05-26,586.0,77654.12532,76446
2018-05-27,570.4,97097.26713,90855
2018-05-28,511.5,153197.83278,136137
2018-05-29,567.36,189082.83788,128067
2018-05-30,557.19,122132.2701,94311
2018-05-31,577.81,100101.52276,88463
2018-06-01,579.0,83840.84162,85475
2018-06-02,590.85,80258.14719,81067
2018-06-03,619.66,84123.33235,83803
2018-06-04,591.02,96339.44507,86009
2018-06-05,609.05,89053.74351,86957
2018-06-06,607.4,70152.92117,71275
2018-06-07,605.16,60174.1888,61247
2018-06-08,598.68,49228.00755,49881
2018-06-09,592.87,38908.0653,40208
2018-06-10,524.11,190350.58429,145196
2018-06-11,531.69,145813.07819,117598
2018-06-12,493.0,158223.14812,121424
2018-06-13,475.47,181842.19417,134718
2018-06-14,519.29,206093.0733,156597
2018-06-15,487.48,160532.53607,122246
2018-06-16,496.74,131095.45173,96076
2018-06-17,497.14,117316.93221,92111
2018-06-18,517.95,143826.68272,119818
2018-06-19,537.97,148148.38064,130777
2018-06-20,536.49,123892.0424,99322
2018-06-21,526.18,79862.90544,77470
2018-06-22,462.09,212659.53437,166517
2018-06-23,473.41,94465.26834,85397
2018-06-24,454.41,198264.10079,152764
2018-06-25,458.7,122942.1165,113720
2018-06-26,429.34,84003.09976,64251
2018-06-27,441.64,99156.36437,73853
2018-06-28,420.22,112309.56714,120860
2018-06-29,434.77,159495.30942,114615
2018-06-30,454.09,157169.20242,105384
2018-07-01,452.1,111226.62846,78500
2018-07-02,476.25,182585.11018,135295
2018-07-03,461.82,186954.55478,139942
2018-07-04,467.38,101886.20199,81396
2018-07-05,467.87,125806.0083,113667
2018-07-06,470.47,100428.64802,94081
2018-07-07,485.57,83629.95382,75732
2018-07-08,486.77,144703.13626,104195
2018-07-09,471.71,89532.14109,75974
2018-07-10,432.48,173640.9762,121085
2018-07-11,444.99,159022.59726,112252
2018-07-12,431.14,181877.07924,111503
2018-07-13,432.46,150320.32532,99117
2018-07-14,433.19,122253.69397,79509
2018-07-15,449.78,140415.27048,78257
2018-07-16,478.49,172440.71343,116672
2018-07-17,498.76,215318.06761,144066
2018-07-18,479.41,236137.8071,173309
2018-07-19,468.57,171308.06705,121771
2018-07-20,449.04,160873.38244,123785
2018-07-21,460.23,74259.64067,66636
2018-07-22,457.47,60684.89595,53867
2018-07-23,450.05,106561.46081,86295
2018-07-24,479.28,158286.759,112642
2018-07-25,472.1,170475.54936,118086
2018-07-26,462.64,173976.2192,107846
2018-07-27,470.09,198304.79211,108861
2018-07-28,469.29,156862.59361,81561
2018-07-29,466.4,138747.56334,79843
2018-07-30,456.23,179581.79415,103093
2018-07-31,432.22,214913.57229,117935
2018-08-01,420.41,209570.0844,122508
2018-08-02,410.62,178421.10672,103504
2018-08-03,417.52,201156.61154,122785
2018-08-04,407.21,179498.57515,102597
2018-08-05,408.79,158913.77206,78475
2018-08-06,405.28,166496.42465,98135
2018-08-07,378.21,207706.11078,123346
2018-08-08,355.48,275047.10788,170291
2018-08-09,363.3,244268.20567,137786
2018-08-10,331.81,264274.13378,165093
2018-08-11,317.69,335634.67243,167715
2018-08-12,317.89,135524.79994,77747
2018-08-13,283.81,307713.22214,141534
2018-08-14,278.41,485174.37541,221194
2018-08-15,281.12,438620.64156,198830
2018-08-16,287.17,235665.2551,116200
2018-08-17,317.51,342556.46068,169216
2018-08-18,294.11,384021.38829,170896
2018-08-19,299.42,288483.44841,118166
2018-08-20,270.51,219153.78936,122863
2018-08-21,281.21,224701.57671,113749
2018-08-22,270.8,403936.78303,177686
2018-08-23,275.99,277304.60909,127845
2018-08-24,281.19,271850.21373,124399
2018-08-25,277.55,253375.49477,107965
2018-08-26,274.29,232525.9497,113465
2018-08-27,287.71,281020.64727,134261
2018-08-28,295.44,318323.28971,171500
2018-08-29,288.4,324275.47324,141609
2018-08-30,283.89,336993.14413,149454
2018-08-31,281.41,302663.37038,124162
2018-09-01,295.71,294944.4401,134032
2018-09-02,295.41,153300.06112,76484
2018-09-03,289.09,274753.70062,115284
2018-09-04,285.3,330102.19,128936
2018-09-05,228.53,528734.3196,218243
2018-09-06,229.7,552996.86567,241166
2018-09-07,215.22,398379.81741,162430
2018-09-08,196.71,318859.84904,111890
2018-09-09,195.81,429255.02592,144803
2018-09-10,197.15,418489.86663,146713
2018-09-11,185.18,476745.79216,163958
2018-09-12,183.12,504047.79165,150831
2018-09-13,210.68,739503.34051,222128
2018-09-14,208.82,833945.82573,249947
2018-09-15,221.29,441046.52933,125321
2018-09-16,220.17,425538.57709,130886
2018-09-17,196.16,825020.77445,224178
2018-09-18,208.17,584366.15014,167048
2018-09-19,209.79,496100.46639,128769
2018-09-20,224.0,573632.24236,172813
2018-09-21,247.73,841029.12948,257566
2018-09-22,241.01,423740.7403,127522
2018-09-23,244.5,235214.14917,86877
2018-09-24,228.06,350139.1505,122214
2018-09-25,219.62,710650.7097,241874
2018-09-26,214.42,613754.27743,200388
2018-09-27,229.13,582274.44087,185910
2018-09-28,221.84,618434.62488,196556
2018-09-29,231.62,604000.95586,193800
2018-09-30,232.94,432195.44084,164400
2018-10-01,231.61,322900.46128,120621
2018-10-02,225.69,401305.32707,148279
2018-10-03,220.77,275609.26221,112473
2018-10-04,222.66,158137.42967,64786
2018-10-05,228.37,137730.35786,54454
2018-10-06,225.4,100257.5697,35875
2018-10-07,226.14,74733.67253,29693
2018-10-08,230.01,210989.42202,77786
2018-10-09,228.4,100246.1843,42266
2018-10-10,226.74,122748.21412,54578
2018-10-11,191.58,497258.82871,189200
2018-10-12,196.96,216448.3922,90790
2018-10-13,201.3,107215.5262,45954
2018-10-14,197.01,110554.19361,37339
2018-10-15,214.39,973857.7477,298845
2018-10-16,215.09,145980.09837,83944
2018-10-17,212.85,153768.85024,75663
2018-10-18,206.24,150229.60097,85942
2018-10-19,205.0,254660.48637,84457
2018-10-20,207.91,62376.6968,34666
2018-10-21,207.49,83277.36128,40862
2018-10-22,206.67,206046.89963,72089
2018-10-23,205.85,112753.0414,50937
2018-10-24,205.35,97128.82698,47453
2018-10-25,203.93,77411.57217,37923
2018-10-26,204.92,91143.83291,49864
2018-10-27,204.45,50235.68329,52419
2018-10-28,204.99,44394.83357,37134
2018-10-29,196.96,118281.82272,70893
2018-10-30,197.27,83633.81463,56433
2018-10-31,198.73,114739.70424,68261
2018-11-01,199.96,86097.98629,53873
2018-11-02,202.35,97123.22813,61401
2018-11-03,200.31,72084.92932,46801
2018-11-04,212.11,182534.6216,112393
2018-11-05,210.66,141432.1406,81531
2018-11-06,220.74,197797.49527,110906
2018-11-07,219.07,204931.0342,105883
2018-11-08,212.79,189828.4945,93113
2018-11-09,210.77,152215.94686,72814
2018-11-10,213.25,131384.47893,66005
2018-11-11,212.54,136268.81156,66072
2018-11-12,212.89,99963.97203,52826
2018-11-13,209.84,114466.36708,65826
2018-11-14,187.43,434676.16832,187653
2018-11-15,184.35,452416.10784,212442
2018-11-16,176.89,241710.34763,120635
2018-11-17,176.2,144804.70986,77570
2018-11-18,178.97,141736.32263,68702
2018-11-19,150.81,596789.83916,224184
2018-11-20,133.82,996552.28721,357568
2018-11-21,138.23,718957.78552,246564
2018-11-22,126.63,334674.07185,117670
2018-11-23,125.02,504352.24386,166040
2018-11-24,114.89,471321.56764,153585
2018-11-25,118.67,836233.31252,264902
2018-11-26,110.68,679477.36231,224339
2018-11-27,111.43,524024.40616,179214
2018-11-28,122.9,578552.74124,195923
2018-11-29,117.98,478777.39614,180848
2018-11-30,113.73,418593.63529,153866
2018-12-01,118.1,330159.06742,122161
2018-12-02,116.57,273657.6215,102151
2018-12-03,108.76,324446.03324,115448
2018-12-04,109.94,275321.0063,111872
2018-12-05,102.71,354071.53241,111602
2018-12-06,91.0,586138.59043,188007
2018-12-07,93.05,1030073.58467,307599
2018-12-08,90.38,698217.12529,228982
2018-12-09,93.26,520519.36023,158700
2018-12-10,89.91,408573.02929,119278
2018-12-11,87.76,339991.84246,104079
2018-12-12,89.41,285436.04029,86407
2018-12-13,86.34,331218.30083,94842
2018-12-14,83.82,318003.73427,102917
2018-12-15,83.76,217360.65775,83696
2018-12-16,84.67,241366.76305,78098
2018-12-17,94.02,472252.23388,156319
2018-12-18,100.39,529946.79175,173951
2018-12-19,98.74,827748.59096,258340
2018-12-20,114.05,859612.57205,272100
2018-12-21,107.69,666048.71786,242389
2018-12-22,115.2,405672.83117,159158
2018-12-23,129.03,936094.1049,302293
2018-12-24,138.03,1319609.8165,426763
2018-12-25,127.6,1076164.12809,328349
2018-12-26,129.35,794834.05601,258222
2018-12-27,113.8,752177.90111,230428
2018-12-28,135.3,894454.19051,248671
2018-12-29,132.89,1006654.49844,291165
2018-12-30,137.77,704259.41614,232606
2018-12-31,131.45,484604.83962,157669
2019-01-01,139.1,401776.88797,125799
2019-01-02,152.01,941486.31524,253070
2019-01-03,146.3,708091.31714,206600
2019-01-04,151.97,805248.93821,224385
2019-01-05,152.83,773169.13736,231172
2019-01-06,153.86,627908.47366,204337
2019-01-07,149.34,424765.30258,157568
2019-01-08,147.6,441661.06778,170585
2019-01-09,148.1,299443.563,125358
2019-01-10,124.95,871751.75038,290765
2019-01-11,124.65,545293.98369,197047
2019-01-12,123.35,300262.13404,122024
2019-01-13,114.16,422561.96777,137005
2019-01-14,126.95,546420.40854,181074
2019-01-15,118.95,649020.5297,200989
2019-01-16,121.48,513486.65472,192912
2019-01-17,121.54,447535.22716,169098
2019-01-18,119.17,235646.684,112833
2019-01-19,122.6,323303.79296,117187
2019-01-20,117.47,451792.85352,164941
2019-01-21,115.63,303632.93463,119538
2019-01-22,117.81,359542.63873,134797
2019-01-23,116.44,230247.61578,102993
2019-01-24,116.39,216242.29829,90622
2019-01-25,115.11,198617.08108,85660
2019-01-26,115.34,146216.82819,68368
2019-01-27,112.05,247369.60555,97152
2019-01-28,105.5,566205.78288,177547
2019-01-29,104.45,319768.91348,129221
2019-01-30,108.29,330968.19265,118866
2019-01-31,106.44,290679.61935,102532
2019-02-01,106.73,243149.88435,86314
2019-02-02,110.42,186908.7573,67351
2019-02-03,107.36,227211.54064,78309
2019-02-04,107.68,160850.10293,65698
2019-02-05,107.27,159730.1886,68422
2019-02-06,104.5,337204.30254,113955
2019-02-07,104.48,147942.07683,68959
2019-02-08,119.25,589950.64925,177364
2019-02-09,119.19,328067.9574,118457
2019-02-10,125.12,385819.09619,146060
2019-02-11,120.89,389405.30404,129000
2019-02-12,122.41,343765.66987,114396
2019-02-13,121.86,317827.31956,122122
2019-02-14,120.42,297205.78738,101574
2019-02-15,121.67,255296.0814,100464
2019-02-16,122.67,215320.70134,84959
2019-02-17,133.75,614788.60078,162769
2019-02-18,145.69,1079830.1502,299772
2019-02-19,143.44,747968.90445,232384
2019-02-20,148.44,614303.61007,191505
2019-02-21,145.69,447364.40873,148898
2019-02-22,147.36,366251.18542,129247
2019-02-23,157.79,588183.72896,172084
2019-02-24,132.1,1260506.80672,351943
2019-02-25,137.87,801147.09543,243536
2019-02-26,136.22,432944.17033,145787
2019-02-27,135.02,567202.61035,158709
2019-02-28,135.34,579327.31749,183737
2019-03-01,135.32,302632.02831,103403
2019-03-02,132.56,297005.28093,113241
2019-03-03,130.6,222453.2859,86648
2019-03-04,125.65,403947.79445,140132
2019-03-05,136.72,512631.23178,155818
2019-03-06,137.4,428826.87415,136000
2019-03-07,136.81,307336.4931,114687
2019-03-08,133.52,330283.58233,113160
2019-03-09,137.27,279861.12049,111544
2019-03-10,135.37,203965.16815,90905
2019-03-11,132.67,264587.00683,101371
2019-03-12,133.57,194905.96843,74222
2019-03-13,131.65,209456.09848,87617
2019-03-14,132.2,258413.81868,99000
2019-03-15,136.56,295832.26562,103920
2019-03-16,140.92,474664.10197,149612
2019-03-17,138.67,252697.08148,88617
2019-03-18,137.59,281718.96195,94109
2019-03-19,138.55,218577.45208,82348
2019-03-20,139.01,222883.51754,83814
2019-03-21,134.85,312531.39368,113797
2019-03-22,135.98,186119.74745,79782
2019-03-23,137.28,174710.43059,73884
2019-03-24,136.09,198490.45124,82361
2019-03-25,133.98,230880.285,98246
2019-03-26,134.18,183139.11426,86841
2019-03-27,139.45,317167.45325,119271
2019-03-28,137.86,163185.6991,73225
2019-03-29,143.25,235853.0454,94717
2019-03-30,142.46,254798.70067,97751
2019-03-31,141.38,142469.21171,65047
2019-04-01,141.24,234310.19161,90705
2019-04-02,163.31,906868.8586,289637
2019-04-03,159.96,1345344.53845,423036
2019-04-04,157.36,686080.95248,242989
2019-04-05,164.77,516070.34553,175261
2019-04-06,165.5,528168.33297,163384
2019-04-07,174.21,465507.52497,161529
2019-04-08,178.72,873410.07285,272413
2019-04-09,174.6,431986.36108,156659
2019-04-10,177.12,523943.20498,171960
2019-04-11,164.07,661305.30321,224876
2019-04-12,163.19,316337.87823,124732
2019-04-13,162.99,179237.74574,75202
2019-04-14,167.23,186977.66211,72468
2019-04-15,159.95,351548.9079,113590
2019-04-16,165.37,240370.50441,82937
2019-04-17,165.75,227841.54981,85475
2019-04-18,173.33,396118.94407,114728
2019-04-19,172.64,320541.72166,104551
2019-04-20,172.88,253596.48407,94403
2019-04-21,168.59,283450.43943,108394
2019-04-22,170.52,269868.39876,96396
2019-04-23,169.16,363523.34531,126520
2019-04-24,164.78,426497.04153,154469
2019-04-25,154.72,422657.03239,139927
2019-04-26,157.95,500355.86283,162730
2019-04-27,159.31,215918.63842,89809
2019-04-28,157.85,152976.30181,72048
2019-04-29,155.11,243591.94898,98779
2019-04-30,161.83,305056.24653,109233
2019-05-01,160.19,192517.62763,88509
2019-05-02,161.81,289519.02025,97201
2019-05-03,168.06,416357.52123,136042
2019-05-04,163.7,312928.58349,115264
2019-05-05,163.05,176029.10445,79825
2019-05-06,173.0,506528.14278,151543
2019-05-07,169.18,732496.87861,208268
2019-05-08,170.85,296410.76103,108809
2019-05-09,170.9,284663.99456,111190
2019-05-10,172.91,425543.74021,142024
2019-05-11,190.2,885292.38389,246217
2019-05-12,188.11,823372.28148,228585
2019-05-13,195.84,669265.46524,190439
2019-05-14,216.4,864211.00603,248577
2019-05-15,248.1,574697.29927,176272
2019-05-16,264.25,1733360.8936,553635
2019-05-17,244.3,1529892.56898,517016
2019-05-18,233.6,673218.09982,236314
2019-05-19,259.51,823859.06342,285496
2019-05-20,250.37,666889.82241,246484
2019-05-21,253.43,580249.69753,229662
2019-05-22,243.64,592848.95605,208482
2019-05-23,244.56,600193.89368,198869
2019-05-24,248.87,447066.92596,171482
2019-05-25,250.22,332544.38731,125719
2019-05-26,264.45,450090.22324,159525
2019-05-27,270.53,635463.50204,246768
2019-05-28,271.03,409443.69364,181468
2019-05-29,268.83,383412.45769,173915
2019-05-30,254.56,1066279.49387,368300
2019-05-31,267.9,602153.87244,253604
2019-06-01,264.33,455676.98613,182844
2019-06-02,268.88,301536.15062,138349
2019-06-03,249.91,397360.65275,193998
2019-06-04,241.39,633822.71246,270568
2019-06-05,245.63,335953.37927,173428
2019-06-06,248.76,297579.14734,146839
2019-06-07,248.77,353378.6568,149700
2019-06-08,243.25,188448.27748,108260
2019-06-09,230.98,316931.85638,147025
2019-06-10,246.51,314662.52637,162704
2019-06-11,244.29,237508.42798,133083
2019-06-12,261.15,336499.3016,171468
2019-06-13,254.67,291757.21635,159838
2019-06-14,262.47,327383.28236,175229
2019-06-15,267.82,286594.98029,146902
2019-06-16,267.73,458176.54236,206212
2019-06-17,273.16,339277.66707,185899
2019-06-18,264.66,319941.55156,184954
2019-06-19,268.14,208375.68381,111358
2019-06-20,271.22,200717.7737,130438
2019-06-21,294.35,519818.06907,240649
2019-06-22,310.79,726254.67061,336414
2019-06-23,308.52,418812.02747,241819
2019-06-24,311.64,352791.26964,185588
2019-06-25,318.26,345559.65047,183415
2019-06-26,339.39,1008551.28721,477973
2019-06-27,298.35,1016826.449,449424
2019-06-28,311.05,529174.47722,260039
2019-06-29,317.62,425555.16264,233883
2019-06-30,292.7,489028.56835,265958
2019-07-01,295.07,489769.27421,247035
2019-07-02,291.48,493772.96579,255019
2019-07-03,301.14,370521.96637,203286
2019-07-04,282.73,270791.36878,155911
2019-07-05,287.47,261139.28341,151476
2019-07-06,288.29,196064.64705,122419
2019-07-07,304.72,246111.36595,146592
2019-07-08,311.97,289607.34177,156865
2019-07-09,307.46,309447.34927,183056
2019-07-10,289.23,457080.94063,241966
2019-07-11,268.63,501592.75211,278211
2019-07-12,274.62,266734.54213,150653
2019-07-13,268.79,205959.26849,132115
2019-07-14,225.85,540052.58421,260313
2019-07-15,228.2,715991.20688,320571
2019-07-16,198.88,715604.83198,315783
2019-07-17,210.81,694854.10132,306708
2019-07-18,225.73,609081.49094,264573
2019-07-19,220.73,371622.21865,178357
2019-07-20,228.2,325393.97225,158590
2019-07-21,225.38,270046.1519,149561
2019-07-22,217.51,271310.40446,155651
2019-07-23,212.48,317876.48242,169515
2019-07-24,216.31,331162.6484,188919
2019-07-25,219.14,280370.29627,167223
2019-07-26,218.81,197781.98653,133271
2019-07-27,207.3,301209.41113,180170
2019-07-28,211.62,218801.16693,132599
2019-07-29,210.89,226941.28,133256
2019-07-30,209.58,222683.79393,129043
2019-07-31,218.42,207213.55658,122971
2019-08-01,216.84,186806.18844,116919
2019-08-02,217.61,206867.03039,123571
2019-08-03,222.14,181591.95296,110659
2019-08-04,221.79,135622.0258,90502
2019-08-05,233.54,307956.27211,173092
2019-08-06,226.28,341279.08159,172932
2019-08-07,226.1,279104.7037,159413
2019-08-08,221.39,236886.35423,132568
2019-08-09,210.53,232062.12757,140538
2019-08-10,206.48,252614.02389,142706
2019-08-11,216.42,188474.09048,112904
2019-08-12,211.41,122760.94619,85543
2019-08-13,209.3,166922.48201,102967
2019-08-14,187.1,325228.98931,171181
2019-08-15,188.03,237953.09426,119008
2019-08-16,184.88,282177.01584,150695
2019-08-17,185.59,138799.61508,101721
2019-08-18,194.33,175363.5062,102057
2019-08-19,202.28,239541.5978,116606
2019-08-20,196.6,189297.75494,109559
2019-08-21,187.45,284973.64194,150215
2019-08-22,190.35,245575.98772,160105
2019-08-23,194.02,192548.51552,128090
2019-08-24,190.6,167806.34294,104191
2019-08-25,186.54,169862.91522,103115
2019-08-26,188.67,254397.79472,130551
2019-08-27,187.24,157898.563,96138
2019-08-28,173.03,334480.61761,146334
2019-08-29,169.01,295241.216,142645
2019-08-30,168.5,238616.68868,114316
2019-08-31,171.57,194999.19583,101425
2019-09-01,170.74,191140.52368,93036
2019-09-02,178.05,294627.31247,116596
2019-09-03,178.75,327857.85447,147758
2019-09-04,174.72,286226.25171,140298
2019-09-05,173.75,232753.83596,123424
2019-09-06,169.08,315822.37984,146974
2019-09-07,177.62,253831.23169,134155
2019-09-08,181.19,290083.47501,143793
2019-09-09,180.54,273729.94868,140362
2019-09-10,179.81,238387.50999,116866
2019-09-11,178.28,278555.46708,130317
2019-09-12,180.72,203543.13663,102872
2019-09-13,180.95,264422.54059,109752
2019-09-14,188.13,279371.83423,113052
2019-09-15,189.03,288928.60827,106052
2019-09-16,197.22,551006.81686,166031
2019-09-17,207.84,715863.2262,214041
2019-09-18,210.21,539028.51013,182943
2019-09-19,220.24,844358.82155,230867
2019-09-20,218.03,437804.12669,133129
2019-09-21,215.05,417891.5242,105391
2019-09-22,211.2,445388.94787,108397
2019-09-23,201.29,392437.07084,121866
2019-09-24,165.81,1478218.82714,383778
2019-09-25,169.96,879001.46213,251456
2019-09-26,165.92,779942.17148,202020
2019-09-27,173.79,634932.96707,183611
2019-09-28,173.49,521775.46593,159337
2019-09-29,169.24,410855.12176,136438
2019-09-30,180.85,580295.3997,175354
2019-10-01,175.66,609819.60828,168492
2019-10-02,180.24,348268.1162,96660
2019-10-03,174.69,354756.78478,101114
2019-10-04,175.55,333897.63876,89655
2019-10-05,176.25,278488.61771,90341
2019-10-06,170.1,314932.39629,114662
2019-10-07,179.85,496523.48038,159802
2019-10-08,180.6,400832.37828,139925
2019-10-09,192.62,562506.82189,182290
2019-10-10,191.14,436588.58452,150166
2019-10-11,180.72,621693.63125,181427
2019-10-12,179.68,290415.22038,118775
2019-10-13,180.99,247589.23231,113448
2019-10-14,186.72,279732.84612,123915
2019-10-15,180.49,405466.38109,155734
2019-10-16,174.47,347764.93459,151051
2019-10-17,177.16,298795.8198,133295
2019-10-18,172.74,319602.48508,139612
2019-10-19,171.79,296918.73026,127763
2019-10-20,175.22,299141.07152,125469
2019-10-21,173.98,270608.51385,128045
2019-10-22,171.2,255429.41624,123180
2019-10-23,162.35,746955.09806,238790
2019-10-24,160.38,387310.83766,159778
2019-10-25,181.5,904832.86059,267143
2019-10-26,179.49,1211737.43684,373782
2019-10-27,183.75,724423.40525,262415
2019-10-28,181.72,582179.44545,225343
2019-10-29,190.46,529964.5054,212841
2019-10-30,183.13,537770.43056,194946
2019-10-31,182.18,410969.86104,167038
2019-11-01,182.85,331519.76963,154534
2019-11-02,182.91,179864.39739,107048
2019-11-03,181.54,232621.52147,109861
2019-11-04,185.71,321175.29134,147624
2019-11-05,188.68,389668.6472,184562
2019-11-06,191.16,343219.9224,160110
2019-11-07,186.68,309882.08206,152881
2019-11-08,183.74,365029.75027,167904
2019-11-09,184.89,192073.38044,112521
2019-11-10,188.96,274940.53448,133008
2019-11-11,184.98,255579.93429,128079
2019-11-12,187.09,256782.63119,124488
2019-11-13,188.11,197273.84001,89631
2019-11-14,184.92,245505.29971,114266
2019-11-15,180.0,407466.78964,156868
2019-11-16,182.37,172801.52576,89596
2019-11-17,183.82,198892.4372,93753
2019-11-18,178.2,293551.23632,131823
2019-11-19,175.94,275886.6411,125824
2019-11-20,174.72,216315.93309,106534
2019-11-21,161.01,473895.92992,178521
2019-11-22,149.56,977977.23794,324167
2019-11-23,151.84,369721.0996,177816
2019-11-24,139.96,352319.21558,158774
2019-11-25,145.69,749675.41303,238649
2019-11-26,147.47,354023.04298,132207
2019-11-27,152.62,564796.4284,192325
2019-11-28,150.72,317714.56326,124573
2019-11-29,154.57,328712.25558,129774
2019-11-30,151.37,226863.41299,96632
2019-12-01,150.73,344178.14088,125550
2019-12-02,148.65,233839.0973,107070
2019-12-03,147.17,196329.22503,87660
2019-12-04,145.38,434430.62379,149648
2019-12-05,148.1,299073.53972,111694
2019-12-06,148.45,220674.68581,90076
2019-12-07,147.14,140471.68588,70677
2019-12-08,150.44,205301.6026,79766
2019-12-09,147.38,243775.99249,92204
2019-12-10,145.56,203215.84937,85725
2019-12-11,143.39,157843.10484,69834
2019-12-12,144.87,261615.30437,99231
2019-12-13,144.8,160695.18556,90805
2019-12-14,141.79,126232.59201,76951
2019-12-15,142.46,151189.65877,77131
2019-12-16,132.73,471018.85942,153717
2019-12-17,121.88,563257.36001,178977
2019-12-18,132.78,884960.91334,252627
2019-12-19,128.1,420674.8172,154222
2019-12-20,128.19,213897.4673,90922
2019-12-21,126.99,135196.11641,64847
2019-12-22,132.09,253140.72413,91028
2019-12-23,127.8,421600.75655,145867
2019-12-24,127.75,200637.10098,87657
2019-12-25,125.09,225004.4909,93397
2019-12-26,125.58,274986.52097,103034
2019-12-27,126.29,240012.37451,102142
2019-12-28,128.11,196893.52277,82441
2019-12-29,134.36,316347.26666,115498
2019-12-30,131.59,320347.21956,101293
2019-12-31,129.16,264933.98418,95085
2020-01-01,130.77,144770.52197,75888
2020-01-02,127.19,213757.05806,96193
2020-01-03,134.35,413055.18895,162310
2020-01-04,134.2,184276.17102,95488
2020-01-05,135.37,254120.45343,115106
2020-01-06,144.15,408020.27375,159866
2020-01-07,142.8,447762.17281,188444
2020-01-08,140.72,570465.57764,229912
2020-01-09,137.74,366076.06569,152241
2020-01-10,144.84,409403.59507,167313
2020-01-11,142.38,368350.57939,156488
2020-01-12,146.54,229541.86137,110842
2020-01-13,143.58,207996.61865,102544
2020-01-14,165.64,1108476.31186,321408
2020-01-15,166.4,721687.80381,251183
2020-01-16,164.21,456170.86719,179108
2020-01-17,169.85,767180.67853,273867
2020-01-18,174.14,688783.17982,240660
2020-01-19,166.79,624681.28604,203953
2020-01-20,166.87,358092.8841,130615
2020-01-21,169.49,308007.6353,125609
2020-01-22,168.07,272240.90286,111017
2020-01-23,162.81,373414.34985,150875
2020-01-24,162.54,430013.19902,145668
2020-01-25,160.35,219921.65197,95448
2020-01-26,167.86,251582.55758,116628
2020-01-27,170.08,365894.81917,157072
2020-01-28,175.64,473433.89609,178990
2020-01-29,173.72,317382.90161,145062
2020-01-30,184.69,477721.6609,189458
2020-01-31,179.99,385596.53365,157597
2020-02-01,183.6,259370.12902,124149
2020-02-02,188.44,552621.13619,222425
2020-02-03,189.69,417175.95781,181726
2020-02-04,188.91,366389.69686,173353
2020-02-05,203.78,550942.11417,241415
2020-02-06,213.19,608240.2233,276196
2020-02-07,223.33,629361.15466,268274
2020-02-08,223.05,548551.87465,257281
2020-02-09,228.49,350336.24399,183735
2020-02-10,222.89,510415.49949,232617
2020-02-11,236.69,595576.90276,250241
2020-02-12,265.74,1038073.74782,415316
2020-02-13,268.32,1089679.1537,422008
2020-02-14,285.15,734944.32266,309022
2020-02-15,264.88,860813.14274,348934
2020-02-16,258.85,1110118.46395,416082
2020-02-17,267.85,1110371.39094,417529
2020-02-18,282.61,1115523.43992,431799
2020-02-19,258.45,705973.72988,298048
2020-02-20,256.96,972969.71691,373551
2020-02-21,265.27,525827.8734,214306
2020-02-22,261.57,313062.52133,136810
2020-02-23,274.48,444740.82883,178464
2020-02-24,265.52,696591.72983,263161
2020-02-25,246.67,774791.01027,277457
2020-02-26,223.93,1395879.41507,454355
2020-02-27,227.79,1273793.11658,415969
2020-02-28,226.76,1054994.92397,347125
2020-02-29,217.21,546866.6851,211771
2020-03-01,217.81,715016.01941,265577
2020-03-02,231.97,810051.4833,258680
2020-03-03,223.91,741498.54825,253103
2020-03-04,224.26,443780.33772,167247
2020-03-05,228.38,601479.87587,227242
2020-03-06,244.88,628147.3257,234091
2020-03-07,237.23,633748.89662,238113
2020-03-08,199.43,1278973.53741,412787
2020-03-09,202.81,1661331.83553,473504
2020-03-10,200.7,1020260.107,332398
2020-03-11,194.61,1079824.90167,344156
2020-03-12,107.82,3814533.14046,937284
2020-03-13,134.06,4663239.92861,1199923
2020-03-14,122.54,1237674.88642,398146
2020-03-15,123.78,1312950.90137,346579
2020-03-16,111.02,2442064.14448,663277
2020-03-17,115.67,1295108.4848,378258
2020-03-18,118.11,1201850.31275,346312
2020-03-19,136.3,1801071.18816,489147
2020-03-20,133.48,2504057.63799,707216
2020-03-21,132.66,1231842.11121,401288
2020-03-22,122.32,1055699.86532,337273
2020-03-23,135.92,1436796.12449,416820
2020-03-24,138.42,1244377.16334,381573
2020-03-25,136.1,1034248.74369,317580
2020-03-26,138.4,751060.63102,248508
2020-03-27,131.33,706948.54559,224835
2020-03-28,130.98,896032.10594,274768
2020-03-29,124.5,543997.0,182914
2020-03-30,132.06,764831.92747,241576
2020-03-31,132.72,547669.27789,172692
2020-04-01,135.69,680922.24747,199637
2020-04-02,141.28,1138977.66114,314519
2020-04-03,141.31,797546.11446,239800
2020-04-04,144.1,573508.14086,178768
2020-04-05,142.68,414987.45246,134223
2020-04-06,171.32,1636338.7311,432858
2020-04-07,164.63,1717962.82538,446557
2020-04-08,173.11,1023575.92076,287799
2020-04-09,169.52,719837.24423,212541
2020-04-10,157.81,1314841.362,323430
2020-04-11,158.33,621599.61289,168046
2020-04-12,158.59,809100.24594,223429
2020-04-13,156.29,1042091.03622,255965
2020-04-14,158.45,698030.65089,178490
2020-04-15,152.73,729119.66505,186226
2020-04-16,172.29,1647207.59991,389854
2020-04-17,170.69,723537.75591,191289
2020-04-18,187.4,1127296.36979,286172
2020-04-19,180.03,995759.5775,270668
2020-04-20,170.2,1547821.52737,365589
2020-04-21,170.74,906381.65398,228262
2020-04-22,182.7,988698.39076,246896
2020-04-23,185.51,1457867.08713,363772
2020-04-24,187.59,780904.21257,222074
2020-04-25,194.21,866478.04928,244755
2020-04-26,197.38,758525.81533,228826
2020-04-27,196.34,896627.37271,238341
2020-04-28,196.24,636829.89397,183819
2020-04-29,215.36,1620422.72431,445147
2020-04-30,206.08,1749691.00151,557268
2020-05-01,212.02,794913.95828,291365
2020-05-02,213.9,443494.67248,185802
2020-05-03,209.86,748383.91311,268841
2020-05-04,206.48,1114249.32658,349701
2020-05-05,205.29,640644.66268,246124
2020-05-06,198.97,862700.67849,271299
2020-05-07,212.0,1305778.73764,380313
2020-05-08,211.31,917908.1944,262122
2020-05-09,210.07,587871.98073,194059
2020-05-10,187.54,1473226.05475,426358
2020-05-11,185.73,1093299.81927,303669
2020-05-12,189.76,669755.79567,193978
2020-05-13,199.58,806143.00704,212710
2020-05-14,203.29,1114700.24937,285245
2020-05-15,194.86,904749.6357,230721
2020-05-16,200.45,669900.03754,174447
2020-05-17,207.0,708711.89315,180088
2020-05-18,214.91,1064139.2485,249528
2020-05-19,214.58,643702.98849,186027
2020-05-20,209.98,679532.61037,195172
2020-05-21,198.74,1003923.4342,258415
2020-05-22,207.36,787672.36081,217659
2020-05-23,206.6,478559.92006,150729
2020-05-24,199.9,673535.05784,204534
2020-05-25,204.15,469931.62492,171792
2020-05-26,200.89,477176.7353,167702
2020-05-27,208.29,494816.72727,167619
2020-05-28,220.21,643945.97769,219160
2020-05-29,220.67,603058.0759,217959
2020-05-30,243.66,1019550.75146,341862
2020-05-31,231.57,821608.68884,320066
2020-06-01,248.23,823816.69936,318497
2020-06-02,237.71,955520.91863,355417
2020-06-03,244.52,502928.13371,213792
2020-06-04,243.21,669369.3392,253226
2020-06-05,240.03,502547.41103,205337
2020-06-06,241.94,389423.07798,161709
2020-06-07,244.56,571102.55515,226478
2020-06-08,246.4,383116.54719,159981
2020-06-09,243.8,420327.17133,185974
2020-06-10,247.78,431285.61715,185330
2020-06-11,230.51,816456.89161,312655
2020-06-12,237.55,446515.34124,181977
2020-06-13,238.11,253797.7809,134555
2020-06-14,231.77,304943.21188,158093
2020-06-15,230.86,875026.92057,308126
2020-06-16,235.3,499194.66758,188136
2020-06-17,233.82,478187.2917,189653
2020-06-18,231.27,334347.79917,145815
2020-06-19,229.0,397284.59808,160682
2020-06-20,228.89,303704.98826,129778
2020-06-21,228.04,256305.23734,109238
2020-06-22,243.13,749030.11114,256688
2020-06-23,243.14,442296.31477,172649
2020-06-24,234.58,921634.0534,289888
2020-06-25,232.5,613748.59348,192323
2020-06-26,229.64,628340.07007,192182
2020-06-27,220.94,645950.61438,207051
2020-06-28,224.93,444766.56881,144728
2020-06-29,227.93,597915.52242,183558
2020-06-30,225.6,415036.02977,143612
2020-07-01,230.99,517351.58865,176455
2020-07-02,226.46,592485.91115,210294
2020-07-03,224.87,314578.5004,139167
2020-07-04,229.17,307726.46593,134338
2020-07-05,227.56,355747.12006,152077
2020-07-06,241.6,864817.507,268187
2020-07-07,239.39,600424.97209,213589
2020-07-08,246.95,958185.83708,309582
2020-07-09,241.98,647641.58291,243580
2020-07-10,241.26,455025.12385,181124
2020-07-11,239.19,294476.00626,140265
2020-07-12,242.79,469315.1172,201729
2020-07-13,239.5,604093.04245,240032
2020-07-14,240.44,426320.89188,172704
2020-07-15,238.61,368350.66518,154984
2020-07-16,233.57,587161.73894,222138
2020-07-17,232.67,325600.21444,149088
2020-07-18,235.67,341356.6182,136494
2020-07-19,239.11,348803.52073,144896
2020-07-20,236.01,396657.91938,164435
2020-07-21,245.59,637462.08074,240019
2020-07-22,263.74,718417.68296,273546
2020-07-23,275.3,1068774.57879,378573
2020-07-24,279.15,926033.06692,362608
2020-07-25,305.26,1058927.30554,424683
2020-07-26,311.0,1270368.753,486058
2020-07-27,321.93,1636122.34727,645395
2020-07-28,316.77,1093231.55578,458451
2020-07-29,317.71,792802.32148,347597
2020-07-30,334.87,1008827.56698,410721
2020-07-31,346.33,948088.44982,461788
2020-08-01,387.0,1440843.34203,598900
2020-08-02,372.42,2324909.09616,960835
2020-08-03,385.94,1191565.09389,534803
2020-08-04,389.61,1180792.42379,503335
2020-08-05,400.72,1124119.0672,459722
2020-08-06,394.77,821379.08397,388529
2020-08-07,379.34,1041207.35946,466548
2020-08-08,397.03,623029.78053,300577
2020-08-09,390.14,594900.58133,319111
2020-08-10,395.44,826969.90633,395123
2020-08-11,379.0,992412.6023,459623
2020-08-12,387.18,751848.7983,349082
2020-08-13,424.54,1511330.7732,634978
2020-08-14,438.11,1109670.94324,502635
2020-08-15,432.32,681698.5971,351377
2020-08-16,433.62,716666.25258,371807
2020-08-17,430.89,868870.64996,443560
2020-08-18,421.95,743254.57018,374074
2020-08-19,407.46,978339.69221,455992
2020-08-20,415.94,663555.73445,322537
2020-08-21,387.97,860998.7256,414222
2020-08-22,395.24,643235.76543,305450
2020-08-23,390.71,445317.81989,222729
2020-08-24,407.68,717403.81877,307676
2020-08-25,382.93,970445.38395,411636
2020-08-26,385.81,738690.7794,351141
2020-08-27,383.27,877763.73658,392116
2020-08-28,395.11,732601.46905,311832
2020-08-29,398.65,659802.63344,300090
2020-08-30,428.94,894979.71788,395838
2020-08-31,433.79,1040748.68881,456201
2020-09-01,475.4,1751354.57719,763508
2020-09-02,439.5,1880642.46853,825133
2020-09-03,381.4,2408569.34151,903066
2020-09-04,385.26,1806488.22474,744610
2020-09-05,335.01,2777166.51389,1074986
2020-09-06,352.8,2017811.14721,852597
2020-09-07,353.59,1740618.42462,708066
2020-09-08,337.39,1400246.82962,554846
2020-09-09,350.85,879760.56255,381038
2020-09-10,367.93,1134287.61137,512819
2020-09-11,373.63,844017.59966,367615
2020-09-12,387.78,766542.31635,318774
2020-09-13,366.42,989195.69047,430236
2020-09-14,377.12,1042059.62265,476828
2020-09-15,364.06,883856.33005,405048
2020-09-16,365.11,841709.98939,371665
2020-09-17,389.36,1256300.411,505247
2020-09-18,384.39,804194.47219,323159
2020-09-19,385.25,570908.33553,230924
2020-09-20,371.04,693164.40144,275295
2020-09-21,340.36,1283946.03098,472560
2020-09-22,344.21,842731.12878,286593
2020-09-23,320.72,940904.49756,323226
2020-09-24,348.97,1071705.09721,371450
2020-09-25,351.92,860643.77924,310536
2020-09-26,353.92,530879.20755,217834
2020-09-26,353.92,530879.20755,217834
2020-09-27,357.49,569568.55041,230526
2020-09-28,353.96,757758.4304,261317
2020-09-29,359.79,585143.16892,214988
2020-09-30,359.83,498943.23226,173910
2020-10-01,352.85,758349.31959,288354
2020-10-02,345.6,733571.84211,286023
2020-10-03,345.95,303595.71901,136755
2020-10-04,352.37,343932.91712,138736
2020-10-05,353.62,376740.30692,145787
2020-10-06,340.75,640063.26951,240812
2020-10-07,341.58,541928.86376,195112
2020-10-08,350.95,631794.8756,220053
2020-10-09,365.02,650478.19338,241168
2020-10-10,370.52,591005.32129,253825
2020-10-11,374.16,373318.23779,164475
2020-10-12,386.51,844422.65444,309500
2020-10-13,381.04,645141.91394,239460
2020-10-14,378.69,569557.82936,214375
2020-10-15,377.64,634038.09453,228454
2020-10-16,365.5,654029.36404,255775
2020-10-17,368.32,285578.24537,126045
2020-10-18,378.11,323468.47095,133043
2020-10-19,379.3,577252.90265,224887
2020-10-20,368.52,617309.81677,251051
2020-10-21,390.38,1221663.63784,450963
2020-10-22,413.98,1095897.20667,412013
2020-10-23,409.11,727832.3224,293671
2020-10-24,412.14,419236.87106,182680
2020-10-25,405.86,415586.9761,177854
2020-10-26,392.52,895142.67266,329493
2020-10-27,403.45,754244.37552,286217
2020-10-28,388.23,855275.46882,348661
2020-10-29,387.13,573096.01416,248649
2020-10-30,382.49,771750.74746,289735
2020-10-31,386.46,467453.8105,218528
2020-11-01,396.67,438952.95565,181369
2020-11-02,383.02,779968.57957,290370
2020-11-03,387.88,752954.37114,280412
2020-11-04,402.49,1157064.35076,392310
2020-11-05,416.69,1475139.77342,513574
2020-11-06,455.91,1682440.96026,666505
2020-11-07,435.21,1653416.5961,674858
2020-11-08,454.3,840908.46841,354341
2020-11-09,444.32,1099213.24641,469947
2020-11-10,450.34,866872.41108,384228
2020-11-11,463.09,1205782.84262,560360
2020-11-12,462.39,990776.62912,411840
2020-11-13,476.43,976665.09752,427363
2020-11-14,460.89,735252.7854,350772
2020-11-15,448.08,665217.56671,311451
2020-11-16,460.55,812060.44638,328762
2020-11-17,482.15,1151573.37456,464336
2020-11-18,478.41,1477696.29116,637641
2020-11-19,471.25,817418.52685,404737
2020-11-20,510.12,1516361.90736,607663
2020-11-21,552.35,1548851.29067,649077
2020-11-22,560.03,1850317.93581,768900
2020-11-23,608.58,2076008.84846,896026
2020-11-24,604.97,1606450.49193,838352
2020-11-25,569.5,1219440.02727,657386
2020-11-26,519.83,2683460.74171,1259051
2020-11-27,518.68,1088064.28114,578800
2020-11-28,537.52,900508.61431,456028
2020-11-29,576.3,855276.46664,454026
2020-11-30,616.66,1501989.45408,717837
2020-12-01,585.26,2163875.81376,1018862
2020-12-02,596.89,1069538.65619,604591
2020-12-03,615.85,935687.91723,513555
2020-12-04,567.24,1052452.78666,556641
2020-12-05,596.8,701567.95564,389600
2020-12-06,601.54,602496.96339,363661
2020-12-07,591.28,498329.37589,347036
2020-12-08,554.94,804443.00717,422868
2020-12-09,573.09,997192.16738,535975
2020-12-10,558.99,608414.51466,376548
2020-12-11,544.43,768921.78317,400545
2020-12-12,568.04,573913.95311,321104
2020-12-13,590.7,657794.46158,359525
2020-12-14,586.29,493012.02706,272746
2020-12-15,588.64,569270.52011,329161
2020-12-16,637.18,1185588.05078,589563
2020-12-17,642.7,2006130.01975,974504
2020-12-18,653.85,1000012.98018,554335
2020-12-19,658.03,858803.88459,562281
2020-12-20,638.18,823958.22843,505181
2020-12-21,607.58,843251.16565,521589
2020-12-22,636.45,918851.25654,522945
2020-12-23,585.56,1208807.36518,733896
2020-12-24,612.31,886335.86333,571510
2020-12-25,626.82,798009.62915,468979
2020-12-26,637.44,958585.50647,541191
2020-12-27,685.11,1859968.15029,1047001
2020-12-28,730.41,1627154.39266,961277
2020-12-29,732.0,1106876.35855,820504
2020-12-30,752.17,1008574.09906,692405
2020-12-31,736.42,863375.57981,623216
2021-01-01,728.91,675114.09329,483671
2021-01-02,774.56,1352618.57668,824134
2021-01-03,978.28,2813603.88615,1636501
2021-01-04,1041.43,4245010.94004,2477862
2021-01-05,1099.56,2706995.67525,1960503
2021-01-06,1208.42,2390136.59334,1600888
2021-01-07,1224.87,1972922.82059,1402699
2021-01-08,1216.93,2131172.92341,1718817
2021-01-09,1276.0,1448871.11514,1131871
2021-01-10,1254.25,1951179.35003,1437486
2021-01-11,1087.01,4068784.65678,2557613
2021-01-12,1050.16,2302645.34052,1516625
2021-01-13,1129.89,1564202.39081,1123983
2021-01-14,1231.62,1555737.38556,1255769
2021-01-15,1168.53,1944038.83738,1519266
2021-01-16,1227.83,1575384.43797,1252473
2021-01-17,1232.45,1317285.00579,1121278
2021-01-18,1258.45,998050.11073,940604
2021-01-19,1365.36,2278852.55758,1840481
2021-01-20,1376.99,2219137.62144,1852253
2021-01-21,1110.96,2254164.80365,1823458
2021-01-22,1232.62,2020593.21673,1652010
2021-01-23,1233.6,1009545.08258,932871
2021-01-24,1392.51,1510879.53817,1313986
2021-01-25,1317.88,1885441.31289,1661512
2021-01-26,1365.97,1682923.65799,1423178
2021-01-27,1239.03,2009772.08358,1737296
2021-01-28,1329.69,1365269.71962,1275024
2021-01-29,1379.5,2253963.18682,1714076
2021-01-30,1378.05,1040042.2363,1013174
2021-01-31,1312.55,958704.85571,828176
2021-02-01,1374.17,1096397.91862,915584
2021-02-02,1511.87,1944227.99878,1614541
2021-02-03,1664.49,1535869.88801,1384979
2021-02-04,1595.67,1646502.32962,1507993
2021-02-05,1719.19,1194123.29946,1326415
2021-02-06,1676.35,1149808.33101,1152167
2021-02-07,1611.62,1281734.86814,1263737
2021-02-08,1750.15,1339777.09536,1372788
2021-02-09,1769.13,1185071.89593,1173421
2021-02-10,1740.78,1219932.25474,1279140
2021-02-11,1785.62,735079.82699,935602
2021-02-12,1840.26,909600.20653,996495
2021-02-13,1814.96,767589.07285,853189
2021-02-14,1800.42,675261.77873,714827
2021-02-15,1779.25,1053474.57879,1086589
2021-02-16,1781.99,817493.47513,826125
2021-02-17,1849.88,795711.63311,862461
2021-02-18,1939.61,937227.10191,1053661
2021-02-19,1955.0,793404.4115,988320
2021-02-20,1913.0,1261315.81279,1329067
2021-02-21,1933.53,756568.19743,895138
2021-02-22,1777.58,1807244.98099,1799926
2021-02-23,1577.89,2547837.82068,2396626
2021-02-24,1623.39,1384388.81727,1319936
2021-02-25,1481.75,1032670.79409,1110019
2021-02-26,1444.59,1355973.29378,1298739
2021-02-27,1458.13,927423.0475,954919
2021-02-28,1419.18,1410207.56284,1190546
2021-03-01,1569.86,1094695.17839,989006
2021-03-02,1486.78,1061142.38743,966176
2021-03-03,1567.69,1054846.31471,1237215
2021-03-04,1539.23,946365.67088,1125118
2021-03-05,1528.31,910786.28976,1000913
2021-03-06,1650.35,1013300.93928,1188531
2021-03-07,1726.16,848470.78136,1166072
2021-03-08,1833.18,1149711.39987,1407402
2021-03-09,1870.51,857229.47855,1196670
2021-03-10,1795.12,937230.62831,1098051
2021-03-11,1825.78,909011.4961,1023958
2021-03-12,1766.1,869564.6361,1126153
2021-03-13,1922.35,926283.22642,1265904
2021-03-14,1848.1,637963.63627,963564
2021-03-15,1793.48,1025326.79658,1496415
2021-03-16,1805.12,764993.40147,987906
2021-03-17,1823.58,658349.44843,872416
2021-03-18,1776.08,603721.61056,783517
2021-03-19,1809.1,500258.42875,703977
2021-03-20,1806.1,451556.10639,743672
2021-03-21,1782.98,465953.98749,748800
2021-03-22,1680.97,582727.49081,879976
2021-03-23,1668.08,577213.99589,654415
2021-03-24,1581.84,753834.52393,994542
2021-03-25,1585.74,701697.00258,778215
2021-03-26,1698.84,515470.92907,650812
2021-03-27,1712.63,443845.49957,516929
2021-03-28,1687.01,348895.51314,512231
2021-03-29,1816.74,647724.46387,846836
2021-03-30,1840.46,568842.00526,856093
2021-03-31,1919.37,746995.8591,1040362
2021-04-01,1968.05,741585.07266,994836
2021-04-02,2133.69,846197.93215,1218698
2021-04-03,2008.52,770176.32192,1107620
2021-04-04,2075.69,514345.76554,818926
2021-04-05,2107.38,684923.61494,947978
2021-04-06,2112.21,673386.05575,1106761
2021-04-07,1963.47,892984.90422,1229155
2021-04-08,2080.46,501355.998,911403
2021-04-09,2066.87,426387.4379,645172
2021-04-10,2133.49,655458.20894,1175161
2021-04-11,2151.36,392265.50773,830771
2021-04-12,2137.69,579093.35694,914567
2021-04-13,2299.19,782608.6209,1288668
2021-04-14,2432.6,972931.60866,1554097
2021-04-15,2514.04,681950.96645,1462768
2021-04-16,2422.67,999163.75205,1679215
2021-04-17,2317.6,624232.25568,1242299
2021-04-18,2235.64,1475383.69204,2113566
2021-04-19,2161.12,820592.26555,1411498
2021-04-20,2330.03,992240.809,1478664
2021-04-21,2357.06,1177885.8617,1905822
2021-04-22,2397.94,2220753.09746,3110597
2021-04-23,2367.39,2532242.44185,2790382
2021-04-24,2213.35,997688.94623,1275474
2021-04-25,2320.49,857517.38218,1307545
2021-04-26,2532.6,1076469.01367,1852607
2021-04-27,2666.13,771728.46451,1255607
2021-04-28,2748.24,999383.1852,1587100
2021-04-29,2757.04,863890.01069,1379738
2021-04-30,2772.42,695339.20482,1382521
2021-05-01,2944.77,690260.07741,1437394
2021-05-02,2949.56,571982.5445,1132280
2021-05-03,3431.04,1329088.0628,2502746
2021-05-04,3239.01,1826039.38558,3634236
2021-05-05,3524.26,1174816.73588,2224441
2021-05-06,3489.73,920592.57706,1703109
2021-05-07,3479.53,760544.64781,1382532
2021-05-08,3910.26,1130467.54852,2146967
2021-05-09,3923.95,1000401.0082,2289303
2021-05-10,3945.88,1505897.92612,3033133
2021-05-11,4173.45,1095927.10403,2290977
2021-05-12,3823.21,1601842.74017,3188941
2021-05-13,3717.91,2068708.17427,3943562
2021-05-14,4075.01,1153390.42631,2227244
2021-05-15,3646.68,1039174.88082,2055345
2021-05-16,3582.1,1324065.65875,2532983
2021-05-17,3282.51,1904012.43998,2885352
2021-05-18,3375.07,1287110.84143,2143887
2021-05-19,2438.92,4309836.31939,5548968
2021-05-20,2768.62,2942777.9301,4243052
2021-05-21,2430.98,2727031.93514,3676164
2021-05-22,2294.87,1684318.01157,2484734
2021-05-23,2096.39,2914548.73125,3761018
2021-05-24,2648.43,2186632.92245,3299296
2021-05-25,2705.11,2115349.50445,2976859
2021-05-26,2884.94,1583799.59251,2726537
2021-05-27,2742.23,1099029.91206,1732113
2021-05-28,2412.1,1554584.61362,2184249
2021-05-29,2278.74,1379427.18851,1887733
2021-05-30,2385.98,1151113.19883,1519005
2021-05-31,2706.15,1307958.04068,1849177
2021-06-01,2634.57,1179577.10806,1790186
2021-06-02,2706.22,970070.53563,1349232
2021-06-03,2857.25,1024290.89423,1620340
2021-06-04,2689.51,1188314.11191,1775946
2021-06-05,2627.73,961824.12413,1670498
2021-06-06,2711.92,673792.69369,1336460
2021-06-07,2592.05,1152128.07856,1926275
2021-06-08,2507.23,1693747.42759,2128256
2021-06-09,2610.18,1276718.24011,1763686
2021-06-10,2471.09,741237.49926,978237
2021-06-11,2354.01,587364.27358,885172
2021-06-12,2370.74,767439.4984,1127302
2021-06-13,2509.33,715948.75986,1217504
2021-06-14,2580.77,684183.55622,1118498
2021-06-15,2543.54,599826.64933,1044834
2021-06-16,2367.89,624741.78358,896073
2021-06-17,2373.28,560667.58566,961448
2021-06-18,2234.09,778905.20197,1067542
2021-06-19,2164.67,496872.24997,763820
2021-06-20,2243.47,743883.64741,1035537
2021-06-21,1885.49,1629819.66576,2014010
2021-06-22,1879.28,1695338.08052,1856357
2021-06-23,1968.14,918612.30494,1141790
2021-06-24,1989.52,701231.67478,833337
2021-06-25,1808.82,858808.54767,1041338
2021-06-26,1829.64,832315.14904,923226
2021-06-27,1982.28,696055.79307,1091206
2021-06-28,2084.41,1044244.68308,1657087
2021-06-29,2165.33,831257.23277,1536044
2021-06-30,2275.68,910583.6032,1464112
2021-07-01,2106.41,787865.25137,1414518
2021-07-02,2154.13,672282.37476,862561
2021-07-03,2226.99,569264.801,922576
2021-07-04,2322.69,590656.25069,1204553
2021-07-05,2196.53,781806.31605,1264204
2021-07-06,2322.5,785330.17152,1326163
2021-07-07,2316.57,666501.35572,1113578
2021-07-08,2116.33,880265.04124,1234614
2021-07-09,2146.99,738611.36304,867603
2021-07-10,2110.69,499071.85904,646476
2021-07-11,2140.45,342294.40302,479138
2021-07-12,2031.58,540630.10742,725803
2021-07-13,1940.15,647388.24969,902810
2021-07-14,1994.58,690505.60937,936438
2021-07-15,1919.51,645271.32563,865033
2021-07-16,1876.26,577068.89724,721120
2021-07-17,1899.59,430300.51578,576008
2021-07-18,1891.64,534837.63654,768528
2021-07-19,1818.73,547419.93771,641063
2021-07-20,1786.03,786257.272,943640
2021-07-21,1995.5,1115949.82033,1304423
2021-07-22,2024.56,768854.3659,1074800
2021-07-23,2124.25,708160.91322,1035643
2021-07-24,2184.75,633075.18592,1056670
2021-07-25,2189.79,535630.27,941623
2021-07-26,2228.08,1393738.163,2252910
2021-07-27,2299.49,906359.23478,1502763
2021-07-28,2300.9,718202.57727,1287050
2021-07-29,2382.92,499364.83496,1036449
2021-07-30,2461.81,762577.28797,1428312
2021-07-31,2531.05,507601.05026,1007386
2021-08-01,2555.69,853495.94078,1810440
2021-08-02,2606.93,726701.84952,1596914
2021-08-03,2509.04,792960.84375,1701919
2021-08-04,2724.78,954590.7536,1839302
2021-08-05,2826.99,1307720.20654,2690052
2021-08-06,2891.58,825399.48637,1873337
2021-08-07,3160.31,1205277.10095,2318608
2021-08-08,3011.85,966349.70579,1771162
2021-08-09,3160.52,1129584.61614,2114151
2021-08-10,3141.66,880675.74443,1824522
2021-08-11,3160.5,732546.60433,1786853
2021-08-12,3045.96,737628.45808,1587719
2021-08-13,3322.32,579333.40323,1311322
2021-08-14,3263.16,486102.53787,1014420
2021-08-15,3307.09,565579.67765,1224556
2021-08-16,3146.53,635667.05422,1940766
2021-08-17,3011.72,804996.06971,1644472
2021-08-18,3014.55,625103.25568,1093813
2021-08-19,3184.12,634769.92174,1297759
2021-08-20,3284.82,558127.4554,1137843
2021-08-21,3223.43,421156.09084,777622
2021-08-22,3238.0,406479.07654,803263
2021-08-23,3321.28,602103.44614,1520784
2021-08-24,3170.62,540480.07853,984324
2021-08-25,3226.87,483697.69444,1031704
2021-08-26,3093.2,442298.47372,959232
2021-08-27,3273.45,451027.80711,802187
2021-08-28,3244.48,262360.34921,539377
2021-08-29,3223.47,335806.7827,661232
2021-08-30,3229.64,625347.27541,1228525
2021-08-31,3429.2,863071.13092,1772849
2021-09-01,3826.82,845759.95868,2022132
2021-09-02,3785.82,525165.7996,1402190
2021-09-03,3938.11,655903.75739,1678132
2021-09-04,3885.52,364478.1193,996623
2021-09-05,3950.29,365759.8597,1083584
2021-09-06,3926.77,397768.5783,865160
2021-09-07,3434.57,1203536.00209,2359100
2021-09-08,3499.0,780611.7657,1783652
2021-09-09,3424.93,628553.8831,1147283
2021-09-10,3208.86,633026.2659,1128069
2021-09-11,3267.21,413524.1761,833958
2021-09-12,3404.21,408858.9595,1089138
2021-09-13,3285.35,647855.7199,1363198
2021-09-14,3434.37,373634.9026,894664
2021-09-15,3613.55,428507.5278,977023
2021-09-16,3567.98,467985.4919,1081868
2021-09-17,3399.81,398888.3705,867583
2021-09-18,3435.64,315162.7627,692204
2021-09-19,3328.62,312948.0013,687285
2021-09-20,2977.28,917939.57849,1708278
2021-09-21,2765.9,971519.88941,1754962
2021-09-22,3076.92,677457.64825,1200519
2021-09-23,3152.5,459293.8858,885568
2021-09-24,2928.53,932090.8856,1607374
2021-09-25,2921.73,491974.0226,934301
2021-09-26,3059.37,703594.478,1347301
2021-09-27,2925.59,510130.7319,1043885
2021-09-28,2804.91,511325.4643,928494
2021-09-29,2850.45,411305.0893,748804
2021-09-30,3000.61,506896.7612,992243
2021-10-01,3309.91,648714.6151,1446386
2021-10-02,3387.76,422551.1811,1046194
2021-10-03,3417.73,360586.8905,816339
2021-10-04,3386.31,485204.642,1090407
2021-10-05,3515.27,393900.8818,1025512
2021-10-06,3574.89,618265.5402,1444856
2021-10-07,3587.47,486102.3591,1252503
2021-10-08,3563.13,403597.1437,1084792
2021-10-09,3574.82,361906.7514,1175683
2021-10-10,3414.22,580223.6302,1765439
2021-10-11,3542.12,493521.882,1110340
2021-10-12,3491.46,409377.1918,925699
2021-10-13,3607.42,393463.1222,902525
2021-10-14,3790.82,481894.1473,1430307
2021-10-15,3868.99,504321.732,1399937
2021-10-16,3829.96,373727.8549,1037769
2021-10-17,3846.85,368898.9831,1025324
2021-10-18,3744.96,401819.9734,994548
2021-10-19,3877.03,341268.3723,925015
2021-10-20,4161.15,537383.09732,1766454
2021-10-21,4052.99,798566.55805,2380751
2021-10-22,3972.2,463222.5428,1133846
2021-10-23,4167.12,326576.9601,940891
2021-10-24,4082.33,350115.8386,917969
2021-10-25,4220.37,347438.6534,939963
2021-10-26,4131.52,414498.1599,1285913
2021-10-27,3922.0,704604.25,1872190
2021-10-28,4286.02,626378.5055,1711575
2021-10-29,4418.89,559231.07691,1799386
2021-10-30,4322.68,340223.069,1035476
2021-10-31,4287.21,412856.2893,1303438
2021-11-01,4319.43,417620.7073,1134036
2021-11-02,4589.89,468184.79301,1657233
2021-11-03,4603.35,448658.35125,1580640
2021-11-04,4532.32,368218.25695,1019675
2021-11-05,4474.24,305651.7244,893068
2021-11-06,4518.0,322154.0973,868676
2021-11-07,4612.59,243596.5952,834745
2021-11-08,4733.88,92537.51313,326019
