TimeStamp,TimeStamp,TotalMarketValue
0,2018-11-09 00:08:29,111388650825.0
1,2018-11-09 18:54:28,110198770312.5
2,2018-11-10 17:55:48,110615352168.75
3,2018-11-11 10:48:45,110293910381.25
4,2018-11-12 04:14:54,110502099312.5
5,2018-11-12 22:44:44,109798308000.0
6,2018-11-13 19:47:26,109016143387.5
7,2018-11-14 14:21:35,107625705200.0
8,2018-11-15 09:34:13,96816721581.25
9,2018-11-16 07:34:06,96189789937.5
10,2018-11-17 02:08:56,95423723268.75
11,2018-11-17 20:35:52,95500659993.75
12,2018-11-18 13:39:40,95977266693.75
13,2018-11-19 10:38:11,91656019593.75
14,2018-11-20 08:23:24,76607498231.25
15,2018-11-21 04:38:34,76596005475.0
16,2018-11-22 03:18:14,78610130775.0
17,2018-11-23 01:44:15,72999441800.0
18,2018-11-23 20:44:39,73448512781.25
19,2018-11-24 15:12:16,73758517775.0001
20,2018-11-25 10:21:29,61302025006.25
21,2018-11-26 09:55:24,67264289812.5
22,2018-11-27 05:34:06,64947079293.75
23,2018-11-28 00:43:21,66448175706.25
24,2018-11-28 23:30:31,72838453931.25
25,2018-11-29 22:32:17,73287694350.0
26,2018-12-01 00:18:32,68821251625.0
27,2018-12-01 21:08:27,72141701018.75
28,2018-12-02 19:39:44,71172584506.25
29,2018-12-03 16:58:36,66121832437.5
30,2018-12-04 14:54:15,69086051212.5
31,2018-12-05 07:48:15,66036252206.25
32,2018-12-06 04:09:08,64605030937.5
33,2018-12-06 21:54:17,62996018717.5889
34,2018-12-07 20:41:18,59835392962.5
35,2018-12-08 17:29:49,58464315375.0
36,2018-12-09 15:05:43,60793583125.0
37,2018-12-10 10:09:59,60702422350.0
38,2018-12-11 06:18:03,59496600100.0
39,2018-12-12 02:00:27,58055402212.5
40,2018-12-12 23:13:58,59462103281.25
41,2018-12-13 20:20:56,57742028793.75
42,2018-12-14 13:22:37,56744675375.0
43,2018-12-15 06:27:46,55938828981.25
44,2018-12-15 23:39:18,55524881993.75
45,2018-12-16 21:26:34,55982189531.25
46,2018-12-17 15:58:16,59097288312.5
47,2018-12-18 06:10:26,60713965043.75
48,2018-12-19 03:08:04,64805994825.0
49,2018-12-19 20:48:43,64819637006.25
50,2018-12-20 13:45:05,69766815975.0
51,2018-12-21 09:46:17,69580341187.5
52,2018-12-22 02:14:30,66717466893.75
53,2018-12-22 19:24:30,67611870562.5
54,2018-12-23 08:16:30,69482906350.0
55,2018-12-23 22:39:16,68197702443.75
56,2018-12-24 15:06:36,73278203943.75
57,2018-12-25 07:36:58,66050282023.3106
58,2018-12-25 23:54:46,65544514875.0
59,2018-12-26 16:38:09,65392488787.5
60,2018-12-27 07:45:08,65222992550.0
61,2018-12-27 21:41:16,62610802312.5
62,2018-12-28 14:18:34,62903464750.0
63,2018-12-29 05:47:56,67759466362.5
64,2018-12-30 00:21:40,64693127537.5
65,2018-12-30 14:52:42,66417201225.0
66,2018-12-31 05:32:40,65977206750.0
67,2018-12-31 22:10:21,64123238437.5
68,2019-01-01 16:48:37,64424873975.0
69,2019-01-02 08:55:44,66271659350.0
70,2019-01-03 01:49:55,67490228756.25
71,2019-01-03 19:02:02,66028724231.25
72,2019-01-04 13:06:03,66016272406.25
73,2019-01-05 03:35:07,66955586175.0
74,2019-01-05 18:06:47,66899634618.75
75,2019-01-06 13:23:00,66590411718.75
76,2019-01-07 07:28:10,70482068625.0
77,2019-01-08 01:34:05,69884834512.5
78,2019-01-08 16:32:22,69916490775.0
79,2019-01-09 09:47:11,70227548393.75
80,2019-01-10 00:39:40,70101926750.0
81,2019-01-10 17:07:50,63126270000.0
82,2019-01-11 09:48:29,63637852587.5
83,2019-01-12 02:16:08,63406737400.0
84,2019-01-12 21:13:04,63420329043.75
85,2019-01-13 17:50:37,61537327856.25
86,2019-01-14 11:11:21,61690625450.0
87,2019-01-15 03:16:22,64107869125.0
88,2019-01-15 22:29:55,62443079193.75
89,2019-01-16 18:03:18,63077272781.25
90,2019-01-17 13:59:35,62714883937.5
91,2019-01-18 11:13:55,63113109300.0
92,2019-01-19 05:02:52,63345248550.0
93,2019-01-19 23:47:44,64521993375.0
94,2019-01-20 14:23:46,61527054750.0
95,2019-01-21 09:47:26,61697899175.0
96,2019-01-22 01:28:32,61912593125.0
97,2019-01-22 22:00:39,62503388250.0
98,2019-01-23 13:54:04,62674343550.0
99,2019-01-24 09:14:12,61987949156.25
100,2019-01-24 23:40:36,62438929600.0
101,2019-01-25 18:25:14,62093636700.0
102,2019-01-26 13:48:49,62702258437.5
103,2019-01-27 06:08:17,62120631300.0
104,2019-01-28 00:07:10,61749107968.75
105,2019-01-28 18:58:13,59775560118.75
106,2019-01-29 13:00:55,59184864362.5
107,2019-01-30 04:51:25,59828423850.0
108,2019-01-31 00:09:40,60130627750.0
109,2019-01-31 17:09:15,59583559250.0
110,2019-02-01 10:07:24,59447963362.5
111,2019-02-02 01:04:14,60100492025.0
112,2019-02-02 18:50:35,60043776750.0
113,2019-02-03 13:50:36,59960776575.0
114,2019-02-04 07:46:37,59807689575.0
115,2019-02-05 00:45:24,59663295781.25
116,2019-02-05 18:27:24,59965708062.5
117,2019-02-06 10:22:24,58927663050.0
118,2019-02-07 01:51:43,59037261075.0
119,2019-02-07 16:25:59,58945337500.0
120,2019-02-08 06:28:04,58949794137.5
121,2019-02-08 22:40:14,63160931818.75
122,2019-02-09 15:19:28,63358525318.75
123,2019-02-10 10:13:14,63152950781.25
124,2019-02-11 03:05:17,63122705825.0
125,2019-02-11 21:15:29,63004790581.25
126,2019-02-12 16:40:34,62764116337.5
127,2019-02-13 13:35:53,62812743075.0
128,2019-02-14 04:02:25,62703498806.25
129,2019-02-14 21:54:02,62646941550.0
130,2019-02-15 19:12:11,62537666643.75
131,2019-02-16 14:21:18,63191407468.75
132,2019-02-17 04:28:07,62889235125.0
133,2019-02-17 20:31:17,62630830500.0
134,2019-02-18 12:46:58,65118174712.5
135,2019-02-19 05:02:23,67921824075.0
136,2019-02-19 22:33:00,68580087312.1169
137,2019-02-20 17:49:07,68704237125.0
138,2019-02-21 14:05:20,68560295781.25
139,2019-02-22 08:07:43,68337349275.0
140,2019-02-23 00:32:16,69027074187.5
141,2019-02-23 16:42:05,68909404650.0
142,2019-02-24 12:01:28,72539894150.0
143,2019-02-25 06:01:01,66330204325.0
144,2019-02-26 00:35:09,66976087668.75
145,2019-02-26 17:26:07,66603657625.0
146,2019-02-27 12:54:37,66880878075.0
147,2019-02-28 04:28:33,66736645000.0
148,2019-02-28 21:19:03,66759291112.5
149,2019-03-01 11:04:23,66966324218.75
150,2019-03-02 05:05:44,66725448106.25
151,2019-03-03 00:15:59,66932603625.0
152,2019-03-03 17:22:18,66533566312.5
153,2019-03-04 11:42:59,65089037431.25
154,2019-03-05 06:35:56,65129089068.75
155,2019-03-05 23:27:49,67365760068.75
156,2019-03-06 19:44:57,67572991250.0
157,2019-03-07 12:41:01,67727478262.5
158,2019-03-08 07:51:02,67890921093.75
159,2019-03-09 02:03:13,67711467150.0
160,2019-03-09 20:37:18,68437431462.5
161,2019-03-10 13:35:18,68310732656.25
162,2019-03-11 10:23:00,67867533250.0
163,2019-03-12 04:45:03,66984676581.25
164,2019-03-12 21:25:34,67825055725.0
165,2019-03-13 16:29:11,67601545000.0
166,2019-03-14 12:18:48,67650607237.5
167,2019-03-15 03:05:38,67963509600.0
168,2019-03-15 18:39:07,68470048125.0
169,2019-03-16 12:10:05,70524724400.0
170,2019-03-17 03:13:14,69755997187.5
171,2019-03-17 20:06:31,69726062287.5
172,2019-03-18 14:52:39,69687324293.75
173,2019-03-19 05:23:37,69859841875.0
174,2019-03-19 19:57:15,70243514662.5
175,2019-03-20 12:15:35,70380950362.5
176,2019-03-21 04:47:20,70896676950.0
177,2019-03-21 22:32:26,69986695100.0
178,2019-03-22 14:19:04,70203256500.0
179,2019-03-23 06:58:34,70190935650.0
180,2019-03-24 00:08:11,69967386525.0
181,2019-03-24 16:05:48,69884614012.5
182,2019-03-25 11:21:41,69907531500.0
183,2019-03-26 03:41:52,68873785525.0
184,2019-03-26 23:12:29,68817375843.75
185,2019-03-27 15:39:34,70601510075.0
186,2019-03-28 09:47:29,70554028581.25
187,2019-03-29 03:28:46,70700260768.75
188,2019-03-29 20:08:24,72035708550.0
189,2019-03-30 13:34:38,71856134587.5
190,2019-03-31 09:45:21,71905587600.0
191,2019-04-01 03:02:40,72492485450.0
192,2019-04-01 21:36:38,72656536750.0
193,2019-04-02 14:52:43,84584408206.25
194,2019-04-03 08:51:14,87639877406.25
195,2019-04-04 01:51:59,88060745000.0
196,2019-04-04 20:17:34,86093198400.0
197,2019-04-05 13:13:14,88232832187.5
198,2019-04-06 05:53:28,88283602062.5
199,2019-04-07 00:41:30,88836816600.0
200,2019-04-07 19:36:19,90157145525.0
201,2019-04-08 13:06:16,90648926381.25
202,2019-04-09 05:58:41,92137126893.75
203,2019-04-10 01:01:19,91429754400.0
204,2019-04-10 18:17:42,93032883693.75
205,2019-04-11 09:56:43,91663986531.25
206,2019-04-12 03:46:22,88230898831.25
207,2019-04-12 19:26:55,89199026400.0
208,2019-04-13 15:10:18,89532131043.75
209,2019-04-14 09:53:31,89309471543.75
210,2019-04-15 07:36:19,91151381531.25
211,2019-04-15 23:54:19,88934639243.75
212,2019-04-16 17:38:46,89612035875.0
213,2019-04-17 12:45:21,92716369275.0
214,2019-04-18 06:44:08,93050014037.5
215,2019-04-19 00:06:49,93154155412.5
216,2019-04-19 17:02:18,93240657300.0
217,2019-04-20 09:17:56,94148087062.5
218,2019-04-21 03:48:31,94181771250.0
219,2019-04-21 21:22:21,92970554625.0
220,2019-04-22 15:55:52,93895893812.5
221,2019-04-23 11:10:50,97638216543.75
222,2019-04-24 07:43:49,99170496700.3502
223,2019-04-24 22:22:31,95904312593.75
224,2019-04-25 16:06:07,96264804431.25
225,2019-04-26 09:22:08,91334318625.0
226,2019-04-27 02:26:31,90855311593.75
227,2019-04-27 20:00:32,91303846968.75
228,2019-04-28 14:25:49,91637592375.0
229,2019-04-29 06:24:39,91485484925.0
230,2019-04-29 21:39:30,90714803212.5
231,2019-04-30 15:27:01,92851475368.75
232,2019-05-01 06:08:47,93795239743.75
233,2019-05-01 21:54:26,93766983437.5
234,2019-05-02 12:22:20,94684573100.0
235,2019-05-03 03:02:08,95902786781.25
236,2019-05-03 20:07:56,100542366768.75
237,2019-05-04 13:27:42,101018622837.5
238,2019-05-05 10:26:11,100902407625.0
239,2019-05-06 05:34:40,99397910193.75
240,2019-05-06 21:57:45,100316197300.0
241,2019-05-07 15:47:42,103277531462.5
242,2019-05-08 10:54:50,102798897062.5
243,2019-05-09 04:05:14,106760357000.0
244,2019-05-09 22:29:58,107423015700.0
245,2019-05-10 18:32:50,112933621125.0
246,2019-05-11 13:29:14,119081966000.0
247,2019-05-12 07:36:07,131044302956.25
248,2019-05-12 23:38:49,122666062350.0
249,2019-05-13 15:31:40,131489055506.25
250,2019-05-14 07:15:55,141800044968.75
251,2019-05-15 00:16:50,139840688779.539
252,2019-05-15 17:50:02,142139336464.583
253,2019-05-16 10:45:53,142256976468.75
254,2019-05-17 03:57:19,137124450500.0
255,2019-05-17 20:14:08,125663478878.001
256,2019-05-18 13:47:57,129893733025.0
257,2019-05-19 07:05:21,140847537312.5
258,2019-05-19 21:58:45,141902977500.0
259,2019-05-20 11:09:49,140098162750.0
260,2019-05-21 05:23:16,140312341275.0
261,2019-05-21 21:40:08,142669965450.0
262,2019-05-22 14:30:17,138738938250.0
263,2019-05-23 04:56:53,135250337475.0
264,2019-05-23 21:14:22,137944754143.75
265,2019-05-24 13:50:55,142446960012.5
266,2019-05-25 04:53:59,142289263968.75
267,2019-05-26 00:50:37,142707512218.75
268,2019-05-26 14:53:47,141202825737.5
269,2019-05-27 07:32:53,155464220800.0
270,2019-05-27 22:58:49,155910462268.75
271,2019-05-28 14:46:47,153608679187.5
272,2019-05-29 07:04:34,150393834550.0
273,2019-05-29 21:45:33,153649696550.0
274,2019-05-30 12:32:29,155132893500.0
275,2019-05-31 04:58:22,146233801654.105
276,2019-06-01 03:06:51,151715653250.0
277,2019-06-01 19:34:08,151460956500.0
278,2019-06-02 14:02:37,156420949437.5
279,2019-06-03 11:27:47,150366191587.5
280,2019-06-04 07:45:27,139565319562.5
281,2019-06-05 00:00:26,135486489600.0
282,2019-06-05 15:25:08,137909537625.0
283,2019-06-06 07:00:22,138257157200.0
284,2019-06-06 23:54:12,137140686800.0
285,2019-06-07 17:17:43,141569811906.25
286,2019-06-08 13:01:43,142157274750.0
287,2019-06-09 05:39:14,139745176800.0
288,2019-06-09 23:01:03,135335923368.75
289,2019-06-10 15:19:07,141248387112.5
290,2019-06-11 10:04:39,141250153200.0
291,2019-06-12 03:17:43,139618439000.0
292,2019-06-12 21:40:24,144458341200.0
293,2019-06-13 15:59:45,145063973362.5
294,2019-06-14 09:56:24,147063705150.0
295,2019-06-14 23:24:46,153769981362.5
296,2019-06-15 14:54:01,153808203250.0
297,2019-06-16 09:19:03,167318864250.0
298,2019-06-17 06:55:40,163299051112.5
299,2019-06-18 01:01:42,166056000625.0
300,2019-06-18 16:35:14,160534253700.0
301,2019-06-19 09:51:39,162998127600.0
302,2019-06-19 22:27:26,162717099187.5
303,2019-06-20 16:04:47,166683069000.0
304,2019-06-21 10:39:29,173297563312.5
305,2019-06-22 04:08:53,191172047550.0
306,2019-06-22 22:36:42,189631072725.0
307,2019-06-23 12:58:32,188409822325.0
308,2019-06-24 03:30:25,188886193031.25
309,2019-06-24 18:20:27,196331481043.75
310,2019-06-25 09:17:27,202000227043.75
311,2019-06-26 02:56:38,210112530021.813
312,2019-06-26 19:15:58,239283651206.25
313,2019-06-27 11:14:42,203592539368.75
314,2019-06-28 03:30:34,196111611225.0
315,2019-06-28 21:08:25,219514812000.0
316,2019-06-29 10:19:56,207524720775.0
317,2019-06-30 02:21:08,215216133256.25
318,2019-06-30 18:24:18,199096645106.25
319,2019-07-01 12:18:27,193836349687.5
320,2019-07-02 06:42:19,175809051137.5
321,2019-07-02 23:12:05,189968343650.0
322,2019-07-03 12:45:39,199627535175.0
323,2019-07-04 03:20:01,212011193625.0
324,2019-07-04 18:49:10,211857897825.0
325,2019-07-05 08:47:14,193754008012.5
326,2019-07-05 23:00:25,197043741700.0
327,2019-07-06 12:53:14,202345722593.75
328,2019-07-07 03:22:09,199414343262.5
329,2019-07-07 20:37:02,203826917700.0
330,2019-07-08 12:21:20,212487155156.25
331,2019-07-09 01:54:54,218833602475.0
332,2019-07-09 18:13:01,223625515985.735
333,2019-07-10 15:05:08,232651213562.5
334,2019-07-11 09:18:33,205435101675.0
335,2019-07-12 04:01:06,202555980900.0
336,2019-07-12 19:21:19,207924278500.0
337,2019-07-13 13:51:29,202283398056.25
338,2019-07-14 06:36:28,200071369331.25
339,2019-07-15 00:06:39,186981173775.0
340,2019-07-15 19:01:39,186041749118.75
341,2019-07-16 11:25:07,190795986237.5
342,2019-07-17 02:58:53,168487622545.152
343,2019-07-17 22:14:42,172689348137.5
344,2019-07-18 19:24:35,187621344875.0
345,2019-07-19 16:49:08,184783149825.0
346,2019-07-20 07:22:16,189093242987.5
347,2019-07-20 23:29:54,195249365325.0
348,2019-07-21 16:34:15,185591168875.0
349,2019-07-22 06:57:49,188600602400.0
350,2019-07-23 01:06:50,184040703268.75
351,2019-07-23 20:22:46,179881380187.5
352,2019-07-24 12:47:57,172537724800.0
353,2019-07-25 07:43:13,179729870118.75
354,2019-07-26 00:27:36,177031866381.25
355,2019-07-26 17:03:22,174741531257.812
356,2019-07-27 07:26:19,180314059837.5
357,2019-07-28 00:09:34,168400183243.75
358,2019-07-28 15:07:32,169153180500.0
359,2019-07-29 04:39:45,171851457250.0
360,2019-07-29 20:42:39,169339033425.0
361,2019-07-30 16:33:20,172796348350.0
362,2019-07-31 09:43:38,174504784500.0
363,2019-07-31 23:02:58,179453215637.5
364,2019-08-01 15:45:34,178913150875.0
365,2019-08-02 09:20:39,187549307431.25
366,2019-08-02 22:51:27,186733024937.5
367,2019-08-03 15:22:27,192987253668.75
368,2019-08-04 04:57:00,191832245212.5
369,2019-08-04 21:12:51,195703767187.5
370,2019-08-05 13:33:31,210264849693.75
371,2019-08-06 06:47:31,209771572500.0
372,2019-08-06 22:50:36,202928193825.0
373,2019-08-07 13:55:35,210186901556.25
374,2019-08-08 10:06:01,212819639587.5
375,2019-08-09 02:40:54,212630265006.25
376,2019-08-09 20:57:53,210850384662.5
377,2019-08-10 14:49:18,203262979556.25
378,2019-08-11 05:00:45,203260182281.25
379,2019-08-11 23:10:56,205580774025.0
380,2019-08-12 16:11:36,203165501656.25
381,2019-08-13 09:01:20,202814150437.5
382,2019-08-14 03:17:20,188824411112.5
383,2019-08-14 20:33:45,182384991250.0
384,2019-08-15 12:24:41,180351498600.0
385,2019-08-16 04:15:33,184566594487.5
386,2019-08-16 23:08:27,186663740737.5
387,2019-08-17 19:20:54,180910676450.0
388,2019-08-18 14:18:29,186172793337.5
389,2019-08-19 06:26:00,185328260781.25
390,2019-08-19 23:56:51,193095636600.0
391,2019-08-20 16:30:10,191375019062.5
392,2019-08-21 11:01:15,182060463187.5
393,2019-08-22 05:14:11,176465480400.0
394,2019-08-23 00:16:48,181264439512.5
395,2019-08-23 17:13:36,186189485075.0
396,2019-08-24 09:20:25,183921937225.0
397,2019-08-25 00:58:49,181546550375.0
398,2019-08-25 19:05:18,180199858500.0
399,2019-08-26 11:05:35,185600574875.0
400,2019-08-27 05:05:48,182150827181.25
401,2019-08-28 00:47:55,182128637250.0
402,2019-08-28 18:05:27,183198326137.5
403,2019-08-29 10:00:45,168307630662.5
404,2019-08-30 01:18:41,169188454631.25
405,2019-08-30 17:43:57,171448274375.0
406,2019-08-31 09:29:07,171469914825.0
407,2019-09-01 00:43:32,172199061556.25
408,2019-09-01 17:58:42,171674507718.75
409,2019-09-02 11:32:22,175502403275.0
410,2019-09-03 05:01:04,186540775000.0
411,2019-09-03 20:30:10,190567403325.0
412,2019-09-04 15:11:08,186747653900.0
413,2019-09-05 07:12:45,190156640081.25
414,2019-09-05 21:36:30,189337656775.0
415,2019-09-06 13:49:35,195480007350.0
416,2019-09-07 08:34:26,186095172637.5
417,2019-09-08 00:14:34,188510584781.25
418,2019-09-08 15:35:58,187072747656.25
419,2019-09-09 05:39:16,184299451950.0
420,2019-09-09 23:46:20,185361734900.0
421,2019-09-10 13:32:52,183681322750.0
422,2019-09-11 04:09:20,180494670375.0
423,2019-09-11 19:36:15,180795138300.0
424,2019-09-12 09:47:39,181866435312.5
425,2019-09-13 01:07:24,187098217075.0
426,2019-09-13 17:45:12,184933087800.0
427,2019-09-14 10:21:15,185224745250.0
428,2019-09-15 03:46:04,185525541281.25
429,2019-09-15 21:30:57,184848642562.5
430,2019-09-16 12:11:26,185077823662.5
431,2019-09-17 04:26:34,183539645843.75
432,2019-09-17 22:42:10,183490405087.5
433,2019-09-18 14:23:41,183324524987.5
434,2019-09-19 04:30:31,174940199325.0
435,2019-09-19 21:57:47,183970856125.0
436,2019-09-20 13:47:55,183069266043.75
437,2019-09-21 06:41:36,181099482125.0
438,2019-09-21 22:11:12,178922983400.0
439,2019-09-22 14:40:42,179797967200.0
440,2019-09-23 07:58:33,177674902800.0
441,2019-09-24 05:02:59,174223190000.0
442,2019-09-24 21:25:49,148784832568.75
443,2019-09-25 14:01:32,149101071193.75
444,2019-09-26 04:31:23,150351366531.25
445,2019-09-26 19:34:02,142227092450.0
446,2019-09-27 13:26:03,143584617662.5
447,2019-09-28 08:06:08,146630848168.75
448,2019-09-28 23:35:06,145249525525.0
449,2019-09-29 19:12:53,143472780431.25
450,2019-09-30 13:44:48,144175244062.5
451,2019-10-01 09:34:51,150546226162.5
452,2019-10-02 02:57:24,149362428906.25
453,2019-10-02 20:19:28,147873175612.5
454,2019-10-03 14:29:52,148081761000.0
455,2019-10-04 07:52:10,145504651600.0
456,2019-10-05 00:21:32,146665698000.0
457,2019-10-05 15:56:30,144906067112.5
458,2019-10-06 09:02:01,143316849000.0
459,2019-10-07 03:06:01,140532071750.0
460,2019-10-07 18:18:37,148120609387.5
461,2019-10-08 11:36:45,147511304150.0
462,2019-10-09 01:54:11,146811895818.75
463,2019-10-09 22:00:38,154411566156.25
464,2019-10-10 15:08:35,152975306400.0
465,2019-10-11 04:27:38,153697012987.5
466,2019-10-11 22:40:30,149796360600.0
467,2019-10-12 16:56:21,150571902200.0
468,2019-10-13 09:39:36,149854409250.0
469,2019-10-14 05:48:50,149073943875.0
470,2019-10-15 00:59:05,150173670931.25
471,2019-10-15 16:49:54,148529306193.75
472,2019-10-16 12:41:14,146416927737.5
473,2019-10-17 03:54:15,143476299000.0
474,2019-10-17 21:58:40,144701809500.0
475,2019-10-18 14:13:59,142669767068.75
476,2019-10-19 07:08:46,142871338209.477
477,2019-10-20 00:42:14,142852986318.75
478,2019-10-20 19:49:02,146896192456.25
479,2019-10-21 12:42:42,148734658187.5
480,2019-10-22 03:24:46,147323148775.0
481,2019-10-22 19:21:13,147820181287.5
482,2019-10-23 09:02:27,143274929850.0
483,2019-10-24 00:53:07,134172730625.0
484,2019-10-24 18:53:14,134020502087.5
485,2019-10-25 14:40:44,137515763231.25
486,2019-10-26 08:31:18,171553829081.25
487,2019-10-27 04:37:40,165603462031.25
488,2019-10-28 01:42:55,173659959112.5
489,2019-10-28 20:33:16,169609736618.75
490,2019-10-29 16:06:53,169018571750.0
491,2019-10-30 11:40:32,163636483424.994
492,2019-10-31 04:00:08,164033513400.0
493,2019-11-01 00:59:45,165009805387.5
494,2019-11-01 20:37:02,165598830468.75
495,2019-11-02 15:20:38,168558203812.5
496,2019-11-03 09:17:58,166452650756.25
497,2019-11-04 06:04:01,164959516875.0
498,2019-11-04 23:57:05,170074160100.0
499,2019-11-05 18:03:27,168599216143.75
500,2019-11-06 13:35:17,168945204262.5
501,2019-11-07 07:42:15,167298518937.5
502,2019-11-08 02:59:58,166679585525.0
503,2019-11-08 21:06:31,158692715493.75
504,2019-11-09 17:24:46,158109130643.75
505,2019-11-10 09:25:15,159572883425.0
506,2019-11-11 00:22:51,163030417025.0
507,2019-11-11 17:32:50,157196896450.0
508,2019-11-12 09:18:22,157578322162.5
509,2019-11-13 07:00:38,157851536400.0
510,2019-11-14 00:21:51,158458633125.0
511,2019-11-14 14:55:53,155862591631.25
512,2019-11-15 05:54:15,154394182350.0
513,2019-11-15 23:28:37,153205217000.0
514,2019-11-16 15:40:37,153288667400.0
515,2019-11-17 10:40:40,154238637600.0
516,2019-11-18 02:00:00,153148688800.0
517,2019-11-18 19:15:12,147689286500.0
518,2019-11-19 15:27:14,145804420625.0
519,2019-11-20 07:17:17,146772172800.0
520,2019-11-21 02:11:49,146494101000.0
521,2019-11-21 19:50:49,137059332112.5
522,2019-11-22 16:51:12,128842423600.0
523,2019-11-23 07:37:50,129854457687.5
524,2019-11-23 23:02:03,131905336050.0
525,2019-11-24 19:39:05,127624431200.0
526,2019-11-25 12:59:55,127642825125.0
527,2019-11-26 12:26:14,129594612781.25
528,2019-11-27 07:47:04,127742948831.25
529,2019-11-28 00:58:25,136661370312.5
530,2019-11-28 18:09:50,137150305250.0
531,2019-11-29 10:43:42,136374254481.25
532,2019-11-30 06:43:58,140198446631.25
533,2019-12-01 03:00:19,132146699768.75
534,2019-12-01 19:53:24,131899068999.248
535,2019-12-02 12:55:18,132129914718.75
536,2019-12-03 08:38:07,131823193887.5
537,2019-12-03 23:29:01,132031751925.0
538,2019-12-04 15:31:33,134591210775.0
539,2019-12-05 08:18:57,132449047000.0
540,2019-12-06 00:44:56,133055575275.0
541,2019-12-06 18:34:52,134539405650.0
542,2019-12-07 13:26:03,135933198750.0
543,2019-12-08 03:28:33,133908078937.5
544,2019-12-08 21:53:35,136550113200.0
545,2019-12-09 13:31:42,135963070875.0
546,2019-12-10 07:40:06,132598581175.0
547,2019-12-11 01:34:00,130916420625.0
548,2019-12-11 20:25:18,130102629900.0
549,2019-12-12 14:55:26,129279669837.5
550,2019-12-13 08:33:28,130393254881.25
551,2019-12-14 02:30:41,131190159000.0
552,2019-12-14 17:01:28,127579460100.0
553,2019-12-15 13:57:23,127923789525.0
554,2019-12-16 07:59:52,127761251187.5
555,2019-12-17 01:11:55,124466345681.25
556,2019-12-17 19:06:57,121388238600.0
557,2019-12-18 13:11:05,118309679693.75
558,2019-12-19 07:05:33,129084516000.0
559,2019-12-20 00:05:06,129465411225.0
560,2019-12-20 16:42:14,129339041675.0
561,2019-12-21 07:01:07,129339446750.0
562,2019-12-21 22:03:37,129231161550.0
563,2019-12-22 11:58:12,129892795500.0
564,2019-12-23 04:22:41,137484553893.75
565,2019-12-23 22:36:29,132366984718.75
566,2019-12-24 19:22:05,130501230275.0
567,2019-12-25 14:09:02,130275193912.5
568,2019-12-26 08:29:03,130892103562.5
569,2019-12-27 00:08:53,130312638500.0
570,2019-12-27 18:47:39,130458286250.0
571,2019-12-28 11:27:54,131972349412.5
572,2019-12-29 03:28:30,132154213500.0
573,2019-12-29 20:24:04,135590343525.0
574,2019-12-30 12:56:27,132572409600.0
575,2019-12-31 04:41:01,131186014812.5
576,2019-12-31 22:30:40,129908125350.0
577,2020-01-01 14:39:48,130779110200.0
578,2020-01-02 04:27:47,129056665500.0
579,2020-01-02 22:10:50,126100621125.0
580,2020-01-03 13:21:31,132766946600.0
581,2020-01-04 06:47:39,133103167187.5
582,2020-01-04 21:11:22,133049485975.0
583,2020-01-05 12:37:40,134964196212.5
584,2020-01-06 04:25:59,136670621562.5
585,2020-01-06 23:29:59,140935807237.5
586,2020-01-07 14:59:44,142778924050.0
587,2020-01-08 04:41:37,150865259212.5
588,2020-01-08 23:13:21,146402437593.75
589,2020-01-09 16:53:26,142429033337.5
590,2020-01-10 09:09:57,139798301881.25
591,2020-01-11 01:47:59,149457250937.5
592,2020-01-11 17:26:30,148197428325.0
593,2020-01-12 09:28:16,147718029600.0
594,2020-01-13 01:46:52,148092060250.0
595,2020-01-13 20:00:33,147176770062.5
596,2020-01-14 14:29:05,156676154906.25
597,2020-01-15 06:39:56,157059895300.0
598,2020-01-16 00:01:00,160131775168.75
599,2020-01-16 17:09:47,156937500000.0
600,2020-01-17 06:08:47,161744610300.0
601,2020-01-18 00:01:36,161701907962.5
602,2020-01-18 17:12:44,161304920943.75
603,2020-01-19 13:02:48,156665328156.25
604,2020-01-20 07:48:01,157431161400.0
605,2020-01-21 05:04:39,157374283000.0
606,2020-01-22 10:05:47,157347681687.5
607,2020-01-23 00:26:05,157304624725.0
608,2020-01-23 16:55:32,151235760000.0
609,2020-01-24 09:53:26,150365323837.5
610,2020-01-25 02:32:09,150703628093.75
611,2020-01-25 17:17:05,151523683425.0
612,2020-01-26 10:44:47,152707615912.5
613,2020-01-27 04:41:03,156828339225.0
614,2020-01-28 00:33:54,162431769500.0
615,2020-01-28 17:50:08,162780058350.0
616,2020-01-29 10:43:05,170148973875.0
617,2020-01-30 02:13:10,168706337187.5
618,2020-01-30 19:15:54,172838936050.0
619,2020-01-31 12:47:12,168494535550.0
620,2020-02-01 05:37:26,171163036800.0
621,2020-02-01 22:58:51,170283963325.0
622,2020-02-02 17:43:14,171824828000.0
623,2020-02-03 11:23:44,169726450275.0
624,2020-02-04 04:21:10,169265643650.0
625,2020-02-04 22:06:45,166384171450.0
626,2020-02-05 14:59:41,171820390000.0
627,2020-02-06 08:20:37,175437140700.0
628,2020-02-07 03:34:48,178271649587.5
629,2020-02-07 22:15:38,177510899531.25
630,2020-02-08 15:35:45,179335379375.0
631,2020-02-09 11:13:15,184565138587.5
632,2020-02-10 03:38:51,183668230531.25
633,2020-02-11 00:14:01,179602535625.0
634,2020-02-11 18:33:34,187455987337.5
635,2020-02-12 12:03:54,188935797218.75
636,2020-02-13 06:20:51,190679932668.75
637,2020-02-13 23:05:16,186294648487.5
638,2020-02-14 16:11:18,187000584500.0
639,2020-02-15 12:06:23,186440298937.5
640,2020-02-16 06:27:13,181388712225.0
641,2020-02-17 00:44:32,180873486287.5
642,2020-02-17 17:08:11,176631661800.0
643,2020-02-18 09:49:40,177118691537.5
644,2020-02-19 02:24:19,185588102612.5
645,2020-02-19 21:29:39,184690391125.0
646,2020-02-20 17:42:46,173457172200.0
647,2020-02-21 10:24:53,176386464900.0
648,2020-02-22 03:04:34,176107596000.0
649,2020-02-22 20:21:55,176968180012.5
650,2020-02-23 15:15:21,180554758125.0
651,2020-02-24 08:59:02,178115328600.0
652,2020-02-25 02:52:53,175256237081.25
653,2020-02-25 20:14:18,170582117875.0
654,2020-02-26 15:27:44,163928312100.0
655,2020-02-27 08:42:23,161067436950.0
656,2020-02-28 02:10:04,162237455150.0
657,2020-02-28 17:50:10,155225857950.0
658,2020-02-29 10:42:58,159040980312.5
659,2020-03-01 04:15:45,156735390600.0
660,2020-03-01 18:55:11,154557190012.5
661,2020-03-02 11:05:35,159166980656.25
662,2020-03-03 04:26:18,161651302875.0
663,2020-03-03 20:24:14,158989339643.75
664,2020-03-04 12:03:22,159220013475.0
665,2020-03-05 03:07:19,163220002625.0
666,2020-03-05 18:13:34,166371626925.0
667,2020-03-06 12:35:40,166438584450.0
668,2020-03-07 04:29:41,166368621093.75
669,2020-03-07 19:22:17,162272529843.75
670,2020-03-08 11:56:52,159609239587.5
671,2020-03-09 06:18:53,142857172025.0
672,2020-03-09 23:18:44,143269312500.0
673,2020-03-10 17:42:37,143133596525.0
674,2020-03-11 13:23:38,143354029775.0
675,2020-03-12 09:09:15,134870610456.25
676,2020-03-13 03:11:05,72669407850.0
677,2020-03-14 00:12:09,101750170162.5
678,2020-03-14 18:59:44,98541941750.0
679,2020-03-15 17:26:19,96639682425.0
680,2020-03-16 14:13:02,86751779625.0
681,2020-03-17 13:46:33,96845646506.25
682,2020-03-18 09:37:21,94623019218.75
683,2020-03-19 09:53:14,98897591012.5
684,2020-03-20 11:04:19,123726912662.5
685,2020-03-21 07:43:53,112210552300.0
686,2020-03-22 04:09:56,114659216000.0
687,2020-03-23 01:50:51,107674489275.0
688,2020-03-24 00:02:49,118286882362.5
689,2020-03-24 19:58:25,121358208700.0
690,2020-03-25 22:13:08,120589912093.75
691,2020-03-26 14:00:21,121339304187.5
692,2020-03-27 07:07:48,121796178206.25
693,2020-03-27 23:24:25,121795940075.0
694,2020-03-28 17:39:10,114250348575.0
695,2020-03-29 11:59:21,111496520687.5
696,2020-03-30 04:39:23,109867244406.25
697,2020-03-30 22:14:31,118538245237.5
698,2020-03-31 14:37:21,118190036706.25
699,2020-04-01 06:12:06,116094357412.5
700,2020-04-02 00:17:41,119899962000.0
701,2020-04-02 15:59:27,124182029231.25
702,2020-04-03 09:56:22,126085319712.5
703,2020-04-04 06:04:39,122982812262.5
704,2020-04-04 20:48:31,123650781625.0
705,2020-04-05 13:14:50,124117392000.0
706,2020-04-06 03:11:59,125343839212.5
707,2020-04-06 21:58:30,132676530825.0
708,2020-04-07 13:35:06,135516821521.663
709,2020-04-08 06:41:51,134774204000.0
710,2020-04-09 00:16:58,134967086375.0
711,2020-04-09 17:31:12,133484231081.25
712,2020-04-10 08:56:49,126881925156.25
713,2020-04-11 00:36:14,125416584587.5
714,2020-04-11 16:45:17,125654636081.25
715,2020-04-12 08:24:07,124793626100.0
716,2020-04-13 01:53:07,122091144000.0
717,2020-04-13 16:33:14,123822356825.0
718,2020-04-14 06:09:02,126332491106.25
719,2020-04-14 23:16:26,126295813850.0
720,2020-04-15 13:27:13,123125330531.25
721,2020-04-16 05:27:45,121878789375.0
722,2020-04-16 21:06:54,129824041387.5
723,2020-04-17 17:30:23,129201031443.75
724,2020-04-18 10:48:31,130310356312.5
725,2020-04-19 02:27:18,132519729075.0
726,2020-04-19 19:26:44,131227573312.5
727,2020-04-20 12:00:26,129724370000.0
728,2020-04-21 04:45:38,125965678025.0
729,2020-04-21 21:51:43,126222432862.5
730,2020-04-22 14:50:32,129601685469.523
731,2020-04-23 11:14:10,130238997187.5
732,2020-04-24 03:33:31,137576139881.25
733,2020-04-24 22:29:26,138338259400.0
734,2020-04-25 18:47:55,138229009875.0
735,2020-04-26 12:50:50,140596582668.75
736,2020-04-27 07:08:53,141414030656.25
737,2020-04-28 00:32:14,142451879237.5
738,2020-04-28 16:41:26,141856607625.0
739,2020-04-29 09:58:21,146032658062.5
740,2020-04-30 04:09:30,164506443237.5
741,2020-05-01 00:10:24,160911928925.0
742,2020-05-01 19:40:10,160905299175.0
743,2020-05-02 12:02:00,162110446225.0
744,2020-05-03 04:10:20,166812692950.0
745,2020-05-03 19:37:15,162758186437.5
746,2020-05-04 11:13:13,158583633112.5
747,2020-05-05 03:39:22,162974482706.25
748,2020-05-05 20:32:29,163335151381.25
749,2020-05-06 11:56:38,169444095843.75
750,2020-05-07 06:22:23,170243888290.401
751,2020-05-07 22:28:20,180269178243.75
752,2020-05-08 17:14:16,182899884075.0
753,2020-05-09 11:56:07,176198732450.0
754,2020-05-10 05:20:17,157876559437.5
755,2020-05-10 20:33:16,156905099750.0
756,2020-05-11 11:15:36,158882680187.5
757,2020-05-12 05:31:12,159681519937.5
758,2020-05-12 22:39:58,161828078878.125
759,2020-05-13 19:41:49,167108066775.0
760,2020-05-14 19:55:58,177497272781.25
761,2020-05-15 14:46:16,175482094287.5
762,2020-05-16 11:13:26,173053250700.0
763,2020-05-17 10:47:37,174437936300.0
764,2020-05-18 07:25:35,180197152350.0
765,2020-05-19 05:54:57,175213486546.875
766,2020-05-20 03:17:46,178730692093.75
767,2020-05-21 01:00:44,174720672375.0
768,2020-05-21 21:55:47,166114703768.75
769,2020-05-22 18:02:07,169824925400.0
770,2020-05-23 17:38:43,168011033287.5
771,2020-05-24 13:23:25,167833241625.0
772,2020-05-25 11:18:36,161303319881.25
773,2020-05-26 09:17:01,165473550000.0
774,2020-05-27 04:10:10,162068850971.875
775,2020-05-27 22:23:50,168317344200.0
776,2020-05-28 20:08:09,173444456281.25
777,2020-05-29 13:46:17,173423122375.0
778,2020-05-30 09:10:02,175213190850.0
779,2020-05-31 01:15:16,177628587418.75
780,2020-05-31 18:04:38,175207424831.25
781,2020-06-01 14:30:27,175848235671.875
782,2020-06-02 08:13:22,185795478900.0
783,2020-06-03 03:51:47,174637855687.5
784,2020-06-03 21:51:13,176189181225.0
785,2020-06-04 14:32:52,179202936093.75
786,2020-06-05 06:38:03,180322263800.0
787,2020-06-05 20:09:19,179114731818.75
788,2020-06-06 10:42:28,177943842981.25
789,2020-06-06 23:22:54,178272373431.25
790,2020-06-07 13:48:12,174948886612.5
791,2020-06-08 07:27:10,179223508156.25
792,2020-06-08 23:31:29,178852851356.25
793,2020-06-09 15:26:58,178546564600.0
794,2020-06-10 05:39:03,179537390156.25
795,2020-06-10 22:00:31,181577120800.0
796,2020-06-11 14:10:49,178667058243.75
797,2020-06-12 02:37:01,170963084212.5
798,2020-06-12 19:15:32,172312628056.25
799,2020-06-13 08:14:04,173386219875.0
800,2020-06-14 01:42:34,173907830228.125
801,2020-06-14 17:00:01,173205572962.5
802,2020-06-15 09:58:08,168076800075.0
803,2020-06-16 03:02:06,173245710234.375
804,2020-06-16 19:49:35,174733794468.75
805,2020-06-17 16:14:30,173046674762.5
806,2020-06-18 09:26:34,173761608037.5
807,2020-06-19 06:59:12,171172250868.75
808,2020-06-20 00:07:49,170985114000.0
809,2020-06-20 18:37:15,170503404618.75
810,2020-06-21 13:46:26,172028471200.0
811,2020-06-22 06:28:12,173719408346.875
812,2020-06-23 00:31:47,178429904606.25
813,2020-06-23 17:07:57,178454737475.0
814,2020-06-24 11:24:15,175146774550.0
815,2020-06-25 03:14:07,170521978828.125
816,2020-06-25 21:29:26,170813539725.0
817,2020-06-26 15:34:04,167145903168.75
818,2020-06-27 06:51:30,168698909203.125
819,2020-06-28 01:20:25,165463661934.375
820,2020-06-28 18:56:12,168370328087.5
821,2020-06-29 12:51:07,166866117375.0
822,2020-06-30 03:39:31,168962625759.375
823,2020-06-30 21:43:36,168462174687.5
824,2020-07-01 13:43:20,168357771750.0
825,2020-07-02 04:50:59,170159888359.375
826,2020-07-02 22:24:25,167043611625.0
827,2020-07-03 14:01:26,167795762293.75
828,2020-07-04 05:32:36,167230697625.0
829,2020-07-04 21:16:43,168305257793.75
830,2020-07-05 14:22:30,166146504750.0
831,2020-07-06 06:26:28,167608017637.5
832,2020-07-06 21:55:20,170810932481.25
833,2020-07-07 13:23:48,170964539178.125
834,2020-07-08 05:58:45,170629795125.0
835,2020-07-08 22:10:49,173768554937.5
836,2020-07-09 14:46:39,173019377056.25
837,2020-07-10 06:19:22,168492232650.0
838,2020-07-10 22:28:31,170083202162.5
839,2020-07-11 15:23:02,169729933812.5
840,2020-07-12 09:30:09,170823436818.75
841,2020-07-13 00:01:54,171447022400.0
842,2020-07-13 16:37:14,171665151393.75
843,2020-07-14 13:04:05,170233584637.5
844,2020-07-15 03:50:44,170442526009.375
845,2020-07-15 22:43:37,169702080637.5
846,2020-07-16 17:08:56,167855510478.125
847,2020-07-17 14:07:43,168875477840.625
848,2020-07-18 10:44:53,169158084328.125
849,2020-07-19 08:41:56,168703364821.875
850,2020-07-20 01:56:34,169788002131.25
851,2020-07-20 20:09:33,169305500234.375
852,2020-07-21 15:20:46,173598536343.75
853,2020-07-22 10:26:52,171806954828.125
854,2020-07-23 06:05:13,175381235018.75
855,2020-07-23 23:04:49,177286906912.5
856,2020-07-24 16:12:18,176048498140.625
857,2020-07-25 08:30:38,177041520000.0
858,2020-07-26 02:08:07,178873686262.5
859,2020-07-26 19:04:15,182974553156.25
860,2020-07-27 11:01:44,189408796653.125
861,2020-07-28 02:59:29,206061814350.0
862,2020-07-28 21:38:46,202776756525.0
863,2020-07-29 12:29:33,204185921468.75
864,2020-07-30 07:01:56,203003457375.0
865,2020-07-31 03:21:25,203453479487.5
866,2020-07-31 19:13:06,208377124900.0
867,2020-08-01 13:51:38,214952260818.75
868,2020-08-02 08:51:56,209148505562.5
869,2020-08-03 02:27:12,205484508281.25
870,2020-08-03 18:07:31,209652463350.0
871,2020-08-04 11:04:20,207805654531.25
872,2020-08-05 04:52:36,207259562687.5
873,2020-08-06 00:09:13,214777146281.25
874,2020-08-06 17:09:18,218724594300.0
875,2020-08-07 10:04:01,218501848884.375
876,2020-08-08 01:36:36,213157908153.125
877,2020-08-08 20:38:01,215453991984.375
878,2020-08-09 13:55:35,214889597896.875
879,2020-08-10 05:27:18,222602866543.75
880,2020-08-11 00:26:27,218614898865.625
881,2020-08-11 17:46:04,210353676646.875
882,2020-08-12 09:47:17,211201084312.5
883,2020-08-13 01:22:52,214051361225.0
884,2020-08-13 17:59:38,212139231525.0
885,2020-08-14 10:37:11,216383505340.625
886,2020-08-15 02:19:34,220212784031.25
887,2020-08-15 18:30:05,219334598115.625
888,2020-08-16 10:37:09,219480936900.0
889,2020-08-17 06:13:09,218298019468.75
890,2020-08-18 01:01:08,227207159311.497
891,2020-08-18 19:52:59,221489560256.25
892,2020-08-19 16:20:33,216752062790.625
893,2020-08-20 08:00:21,217341509687.5
894,2020-08-21 01:27:07,219380609250.0
895,2020-08-21 16:54:14,216987764062.5
896,2020-08-22 12:27:44,213597490487.5
897,2020-08-23 05:39:36,214307023500.0
898,2020-08-23 21:34:13,216281663643.75
899,2020-08-24 15:45:11,217176040940.625
900,2020-08-25 08:16:22,213766812728.125
901,2020-08-26 04:10:45,210394352643.75
902,2020-08-26 21:16:47,211962757500.0
903,2020-08-27 20:02:42,208035816862.5
904,2020-08-28 12:19:53,211497734781.25
905,2020-08-29 02:34:14,212170444500.0
906,2020-08-29 20:09:39,213074059893.75
907,2020-08-30 16:45:14,215511166625.0
908,2020-08-31 09:07:33,214872245625.0
909,2020-09-01 04:04:22,214953928612.50003
910,2020-09-01 20:09:02,221714986490.625
911,2020-09-02 13:14:26,210811936687.50003
912,2020-09-03 08:39:53,209489053950.0
913,2020-09-04 04:55:11,189511512693.75
914,2020-09-04 22:18:22,195681344756.25
915,2020-09-05 16:44:37,190569304750.0
916,2020-09-06 10:44:07,189042276862.5
917,2020-09-07 04:07:43,188651761359.375
918,2020-09-07 18:22:45,188159564175.0
919,2020-09-08 09:56:42,188332655868.75
920,2020-09-09 01:15:20,186500280750.0
921,2020-09-09 16:55:58,189603091906.25
922,2020-09-10 12:18:01,190210650000.0
923,2020-09-11 05:05:15,188803313943.75
924,2020-09-11 21:53:37,190806667996.875
925,2020-09-12 14:37:41,190637944000.0
926,2020-09-13 04:33:27,193196073125.0
927,2020-09-13 18:38:56,189024634800.0
928,2020-09-14 11:18:13,192183780568.75
929,2020-09-15 02:18:44,197164449421.87503
930,2020-09-15 19:07:59,199639971543.75
931,2020-09-16 10:59:47,201006211678.125
932,2020-09-17 03:36:04,201882520640.625
933,2020-09-17 17:03:35,200456599750.0
934,2020-09-18 07:59:32,202396296484.375
935,2020-09-19 00:19:46,201876478725.0
936,2020-09-19 16:10:39,204861291868.75
937,2020-09-20 10:07:45,202455038590.625
938,2020-09-21 03:54:19,202471538456.25
939,2020-09-21 20:52:16,193480350015.625
940,2020-09-22 16:24:54,193478031625.0
941,2020-09-23 12:47:30,193808669484.375
942,2020-09-24 05:58:08,190032714868.75
943,2020-09-24 23:47:07,197642648250.0
944,2020-09-25 14:53:24,196512200171.875
945,2020-09-26 08:53:26,197925258953.125
946,2020-09-27 00:49:14,198663268212.5
947,2020-09-27 18:13:11,198337420000.0
948,2020-09-28 10:46:36,200786823950.0
949,2020-09-29 06:43:40,197657830140.625
950,2020-09-30 01:49:55,200107384971.875
951,2020-09-30 17:05:09,199281856921.875
952,2020-10-01 13:59:02,201518837437.5
953,2020-10-02 08:11:06,194234843200.0
954,2020-10-03 02:51:35,195056072625.0
955,2020-10-03 18:19:21,195664596718.75
956,2020-10-04 11:53:33,195745631400.0
957,2020-10-05 04:34:33,197825563731.25
958,2020-10-05 23:16:53,198924805781.25
959,2020-10-06 16:36:49,197691849553.125
960,2020-10-07 12:12:02,196060766600.0
961,2020-10-08 03:40:09,196697155462.5
962,2020-10-08 20:23:48,201387696400.0
963,2020-10-09 14:25:41,204875209087.5
964,2020-10-10 08:15:01,210640131762.5
965,2020-10-11 02:03:02,209435029296.875
966,2020-10-11 21:00:27,209896193962.5
967,2020-10-12 13:12:49,208274391325.0
968,2020-10-13 06:22:41,212716398796.875
969,2020-10-13 21:42:55,211594518296.875
970,2020-10-14 13:53:36,211157682965.625
971,2020-10-15 07:23:37,210952356800.0
972,2020-10-16 00:20:10,213052538156.25
973,2020-10-16 16:41:44,209356376468.75
974,2020-10-17 07:52:04,210104720187.5
975,2020-10-18 01:54:18,210806745625.0
976,2020-10-18 22:24:03,211962583106.25
977,2020-10-19 19:38:25,217554493362.5
978,2020-10-20 11:55:08,218969965612.5
979,2020-10-21 08:03:17,226887155212.5
980,2020-10-22 03:15:31,237425922562.5
981,2020-10-22 22:05:43,243278975250.0
982,2020-10-23 18:28:35,236915185893.75
983,2020-10-24 11:32:42,240536228100.0
984,2020-10-25 05:43:02,246862281250.0
985,2020-10-26 02:44:19,242443176975.0
986,2020-10-27 02:27:28,242349944787.5
987,2020-10-28 05:12:37,255448810412.5
988,2020-10-29 04:33:15,245063231400.0
989,2020-10-30 05:01:18,249018790437.5
990,2020-10-31 04:48:11,249463154062.5
991,2020-11-01 02:01:48,255086931881.25003
992,2020-11-01 22:40:35,255420439793.75
993,2020-11-03 00:17:24,250425871968.75
994,2020-11-03 19:01:18,254688120578.125
995,2020-11-04 10:27:12,254632357581.25003
996,2020-11-05 03:20:53,264958715891.10223
997,2020-11-05 21:27:30,280479374250.0
998,2020-11-06 14:57:51,286967578624.99994
999,2020-11-07 07:49:46,287589627843.75
1000,2020-11-08 00:44:27,275263603740.625
1001,2020-11-08 18:15:41,288481644887.5
1002,2020-11-09 11:02:53,287092415043.74994
1003,2020-11-10 00:16:07,283302200350.0
1004,2020-11-10 18:31:35,282802486375.0
1005,2020-11-11 12:15:23,288874778009.9396
1006,2020-11-12 05:12:06,290758197775.0
1007,2020-11-12 21:19:37,299297800987.5
1008,2020-11-13 13:32:17,301830236812.5
1009,2020-11-14 07:36:33,297641259028.12506
1010,2020-11-15 02:39:54,296722145230.1384
1011,2020-11-15 19:54:33,295084980312.5
1012,2020-11-16 10:50:58,302754560881.25
1013,2020-11-17 03:14:04,309320199790.16003
1014,2020-11-17 19:25:30,326543163487.5
1015,2020-11-18 10:53:39,337747867187.5
1016,2020-11-19 03:38:48,332965617600.0
1017,2020-11-19 22:07:56,332912592056.25
1018,2020-11-20 12:51:21,339138356062.5
1019,2020-11-21 03:05:48,348082071187.5
1020,2020-11-21 19:50:15,347046416700.0
1021,2020-11-22 09:12:11,338423498606.25
1022,2020-11-23 00:43:16,339390988453.125
1023,2020-11-23 17:01:33,341453125968.75
1024,2020-11-24 12:06:39,354211131525.0
1025,2020-11-25 06:15:56,350772825487.5
1026,2020-11-25 22:17:11,350822459075.0
1027,2020-11-26 15:56:34,317556980324.99994
1028,2020-11-27 08:17:23,312242991765.625
1029,2020-11-28 01:03:12,318553963518.75
1030,2020-11-28 16:43:34,327528292187.5
1031,2020-11-29 09:38:16,337338575837.5
1032,2020-11-30 05:15:08,344263541278.125
1033,2020-12-01 01:47:04,363781175765.625
1034,2020-12-01 18:57:24,350361361603.7199
1035,2020-12-02 14:54:09,350230502250.0
1036,2020-12-03 08:27:48,356265995393.74994
1037,2020-12-04 00:00:20,361030455750.0
1038,2020-12-04 18:55:04,352746055068.75
1039,2020-12-05 10:58:30,354262352990.625
1040,2020-12-06 05:18:47,356613996684.375
1041,2020-12-07 00:06:36,360033246312.5
1042,2020-12-07 16:06:12,356825098784.375
1043,2020-12-08 10:16:48,349495419843.75
1044,2020-12-09 05:21:52,337207812890.625
1045,2020-12-09 22:54:16,343838916431.25
1046,2020-12-10 20:00:57,341493230100.0
1047,2020-12-11 13:20:52,332017090150.0
1048,2020-12-12 08:45:26,340747108471.875
1049,2020-12-13 03:06:07,349468470006.25
1050,2020-12-13 19:51:16,356324158125.0
1051,2020-12-14 13:13:39,355027627453.125
1052,2020-12-15 05:56:57,354706006134.375
1053,2020-12-16 01:13:26,359835406250.0
1054,2020-12-16 19:07:12,384308636250.0
1055,2020-12-17 15:22:27,429140284281.25
1056,2020-12-18 08:29:39,427929841850.0
1057,2020-12-19 01:32:38,426672874096.875
1058,2020-12-19 17:04:09,446359526696.8751
1059,2020-12-20 08:16:27,438118350343.75
1060,2020-12-21 02:09:15,439880195193.75
1061,2020-12-21 20:20:07,425619240987.5
1062,2020-12-22 14:51:35,434886477971.875
1063,2020-12-23 07:53:59,437725964653.125
1064,2020-12-24 01:17:03,428897746359.375
1065,2020-12-24 21:35:56,437357709493.75
1066,2020-12-25 14:30:25,455731128306.25
1067,2020-12-26 11:01:56,459547439818.75
1068,2020-12-27 03:32:57,495298565677.8356
1069,2020-12-27 20:26:45,501809593650.0
1070,2020-12-28 12:38:29,501706691375.0
1071,2020-12-29 07:16:13,489998167021.875
1072,2020-12-29 23:00:11,502616116515.625
1073,2020-12-30 12:09:32,517641953400.00006
1074,2020-12-31 04:35:26,540233420646.875
1075,2020-12-31 20:26:33,539128176937.5
1076,2021-01-01 12:04:07,546591664634.3749
1077,2021-01-02 06:06:27,551853177956.25
1078,2021-01-02 22:56:57,598266089548.6814
1079,2021-01-03 15:47:09,622532587021.875
1080,2021-01-04 06:59:39,617768236181.25
1081,2021-01-04 21:30:05,578796282631.25
1082,2021-01-05 14:07:29,585918842475.0
1083,2021-01-06 05:13:44,660828750643.75
1084,2021-01-06 19:22:07,662488462412.5
1085,2021-01-07 10:44:52,691824855050.0
1086,2021-01-08 01:22:15,721479213659.375
1087,2021-01-08 19:39:41,748839229715.625
1088,2021-01-09 13:00:08,758861208937.5
1089,2021-01-10 06:33:21,759093057125.0
1090,2021-01-10 22:37:59,722205514406.25
1091,2021-01-11 15:01:40,618885317137.5
1092,2021-01-12 06:53:09,671670155781.25
1093,2021-01-13 01:19:39,615600439987.5
1094,2021-01-13 17:22:32,650012704900.0
1095,2021-01-14 09:54:32,714159659606.25
1096,2021-01-15 04:46:43,719421691212.4999
1097,2021-01-15 21:25:30,663708144712.5
1098,2021-01-16 13:40:36,701568664734.375
1099,2021-01-17 10:13:20,635535476668.75
1100,2021-01-18 02:30:45,671599920496.875
1101,2021-01-18 20:56:14,675021635578.125
1102,2021-01-19 14:03:06,691276624782.3268
1103,2021-01-20 08:02:42,663925288412.5
1104,2021-01-21 03:51:03,640821562631.25
1105,2021-01-21 22:18:19,567245380500.0
1106,2021-01-22 15:08:33,605029321143.75
1107,2021-01-23 11:15:31,600222067200.0001
1108,2021-01-24 02:06:20,593423334506.25
1109,2021-01-24 19:40:45,580213372765.625
1110,2021-01-25 15:31:06,640428510974.9999
1111,2021-01-26 06:09:13,596799824781.25
1112,2021-01-26 22:55:28,601334535937.4999
1113,2021-01-27 17:56:53,565043795181.2499
1114,2021-01-28 12:01:07,585724039706.25
1115,2021-01-29 04:41:35,616122153400.0
1116,2021-01-29 20:33:33,644037255468.75
1117,2021-01-30 14:21:57,637088963125.0
1118,2021-01-31 09:53:04,623010481156.25
1119,2021-02-01 04:19:20,627491197350.0
1120,2021-02-02 01:13:27,628919301171.875
1121,2021-02-02 17:58:46,649364949309.375
1122,2021-02-03 09:00:50,672092986950.0
1123,2021-02-04 02:59:41,706058815425.0
1124,2021-02-04 20:12:33,698422065937.5
1125,2021-02-05 11:33:25,703083305981.25
1126,2021-02-06 02:25:03,723786851937.5
1127,2021-02-06 19:29:25,753141764656.25
1128,2021-02-07 11:00:08,733540925356.25
1129,2021-02-08 02:51:18,716583113793.75
1130,2021-02-08 18:00:54,805041942812.5
1131,2021-02-09 12:17:03,870944093946.875
1132,2021-02-10 04:49:25,856776356152.8387
1133,2021-02-10 23:18:41,841969672096.875
1134,2021-02-11 20:01:47,892197108025.0
1135,2021-02-12 13:52:03,893458804712.5
1136,2021-02-13 08:45:11,886664240000.0
1137,2021-02-13 23:50:09,879607797218.75
1138,2021-02-14 16:45:35,910003901887.5
1139,2021-02-15 10:24:46,883144743825.0
1140,2021-02-16 04:22:48,925513249415.625
1141,2021-02-17 01:10:29,914460883765.625
1142,2021-02-17 19:58:46,974812498381.25
1143,2021-02-18 12:43:58,956010164812.5
1144,2021-02-19 07:48:51,966572285156.25
1145,2021-02-20 00:07:04,1042239546837.5
1146,2021-02-20 17:29:06,1070749421962.5
1147,2021-02-21 11:37:12,1071933524971.875
1148,2021-02-22 06:17:28,1050261781937.5
1149,2021-02-23 01:07:40,996571423331.25
1150,2021-02-23 22:12:37,893993480459.375
1151,2021-02-24 13:05:41,946340354334.375
1152,2021-02-25 05:31:13,926562077256.25
1153,2021-02-25 22:58:31,900100704050.0
1154,2021-02-26 16:32:56,892565111250.0
1155,2021-02-27 09:13:04,869138348531.2499
1156,2021-02-28 02:48:53,848944079750.0
1157,2021-02-28 22:20:06,844929075993.75
1158,2021-03-01 18:39:50,903849261112.5
1159,2021-03-02 11:48:57,913864541250.0
1160,2021-03-03 03:57:02,905713193612.5
1161,2021-03-03 21:50:26,953147812087.5
1162,2021-03-04 18:00:24,904799020646.875
1163,2021-03-05 11:35:20,882615228806.2501
1164,2021-03-06 05:18:22,899483944500.0
1165,2021-03-06 21:11:54,904960734425.0
1166,2021-03-07 15:42:31,945280473046.875
1167,2021-03-08 08:43:41,927533182868.75
1168,2021-03-09 00:25:55,977003755812.5
1169,2021-03-09 18:31:09,1005562616334.375
1170,2021-03-10 12:25:04,1025572481309.375
1171,2021-03-11 06:58:15,1039326470187.5
1172,2021-03-12 00:48:51,1064272224853.125
1173,2021-03-12 17:46:26,1072106556259.375
1174,2021-03-13 10:29:43,1107780512312.5
1175,2021-03-14 06:12:35,1142682887568.75
1176,2021-03-14 21:11:40,1117680518609.375
1177,2021-03-15 14:30:09,1063239362725.0
1178,2021-03-16 07:29:34,1008038797781.25
1179,2021-03-17 01:18:15,1057289008556.25
1180,2021-03-17 20:07:19,1075647714375.0
1181,2021-03-18 13:29:35,1080667076606.3654
1182,2021-03-19 07:01:35,1088682782893.75
1183,2021-03-19 23:34:06,1091948937309.5238
1184,2021-03-20 16:58:02,1108744192893.75
1185,2021-03-21 10:43:55,1063020031600.0
1186,2021-03-22 01:32:01,1066463691871.875
1187,2021-03-22 17:55:44,1054446366390.625
1188,2021-03-23 10:14:33,1012868344490.625
1189,2021-03-24 03:04:47,1017084727946.875
1190,2021-03-24 18:26:36,1041765696093.75
1191,2021-03-25 11:58:57,986203118000.0
1192,2021-03-26 05:56:10,978483305659.3752
1193,2021-03-27 00:16:20,1015913927875.0
1194,2021-03-27 15:22:43,1018162241675.0
1195,2021-03-28 07:12:42,1050594284725.0
1196,2021-03-29 00:01:50,1038810898046.9596
1197,2021-03-29 17:52:56,1079389841596.875
1198,2021-03-30 10:28:03,1083759627156.25
1199,2021-03-31 04:00:07,1095979788875.0
1200,2021-03-31 20:27:16,1112242856625.0
1201,2021-04-01 11:49:35,1096664367500.0
1202,2021-04-02 07:13:28,1113712801231.25
1203,2021-04-03 00:50:22,1103221352662.4998
1204,2021-04-03 22:14:47,1085251148750.0
1205,2021-04-04 13:13:16,1069800187190.625
1206,2021-04-05 07:07:41,1064348010034.375
1207,2021-04-05 23:36:16,1101006624046.875
1208,2021-04-06 17:55:03,1084897937169.62
1209,2021-04-07 10:46:55,1072753392953.125
1210,2021-04-08 02:04:38,1053675979168.75
1211,2021-04-08 20:51:27,1080038912878.125
1212,2021-04-09 16:16:06,1090677292600.0
1213,2021-04-10 06:55:41,1139980687218.7502
1214,2021-04-10 23:41:40,1107248420325.0002
1215,2021-04-11 17:34:09,1113554793593.75
1216,2021-04-12 10:16:12,1133881743540.625
1217,2021-04-13 04:08:36,1136668095453.1248
1218,2021-04-13 22:51:15,1180526758068.75
1219,2021-04-14 18:06:28,1187079885725.0
1220,2021-04-15 10:21:45,1171727013543.75
1221,2021-04-16 00:55:33,1182036550822.1526
1222,2021-04-17 02:28:27,1153391706281.3345
1223,2021-04-18 02:35:10,1110107531156.2502
1224,2021-04-19 02:39:40,1066852417762.5
1225,2021-04-20 03:34:01,1009065031718.75
1226,2021-04-20 23:10:47,1066097199196.8752
1227,2021-04-21 23:49:58,1010622606106.25
1228,2021-04-22 18:50:56,1009910891193.75
1229,2021-04-23 14:21:10,923677258281.25
1230,2021-04-24 07:37:15,943025993290.625
1231,2021-04-25 00:41:27,942573466584.375
1232,2021-04-25 19:49:51,928756692959.375
1233,2021-04-26 14:38:26,1004295416068.75
1234,2021-04-27 09:49:37,1021163977356.25
1235,2021-04-28 05:15:10,1027004408000.0
1236,2021-04-28 21:38:15,1024825583043.75
1237,2021-04-29 20:46:23,990445281762.5
1238,2021-04-30 13:36:14,1019636208000.0
1239,2021-05-01 08:41:16,1084208329007.0736
1240,2021-05-02 02:31:47,1074826188500.0
1241,2021-05-02 16:22:22,1061430340590.6248
1242,2021-05-03 06:34:55,1083839935387.5
1243,2021-05-03 21:39:01,1072556384759.375
1244,2021-05-04 10:35:21,1053072792843.75
1245,2021-05-05 00:48:02,1006051930000.0
1246,2021-05-05 16:53:36,1069519710900.0
1247,2021-05-06 09:27:58,1066509665506.25
1248,2021-05-07 00:07:56,1056906646765.625
1249,2021-05-07 14:58:08,1069549576171.875
1250,2021-05-08 05:43:45,1093435099218.75
1251,2021-05-08 20:53:53,1106407542900.0
1252,2021-05-09 10:24:11,1085890473187.5
1253,2021-05-10 00:06:00,1084984323287.5
1254,2021-05-10 13:48:35,1085331397587.5
1255,2021-05-11 04:13:20,1022497290000.0
1256,2021-05-11 20:26:21,1055401986762.5
1257,2021-05-12 11:02:50,1065223555500.0
1258,2021-05-13 00:55:07,957911976975.0
1259,2021-05-13 17:25:15,935597818625.0
1260,2021-05-14 10:45:40,950467829906.25
1261,2021-05-15 04:14:02,937170271800.0
1262,2021-05-16 02:16:09,899790836221.875
1263,2021-05-16 22:34:53,834424932009.375
1264,2021-05-17 19:15:05,808079250500.0
1265,2021-05-18 17:07:28,804683356881.25
1266,2021-05-19 16:12:19,698941716200.0
1267,2021-05-20 14:53:10,777427103578.125
1268,2021-05-21 13:39:10,766534345737.5001
1269,2021-05-22 11:55:12,709010414631.25
1270,2021-05-23 08:36:22,678527688431.25
1271,2021-05-24 06:03:21,653639220987.5
1272,2021-05-25 02:47:44,724846078906.25
1273,2021-05-25 23:04:45,710795464518.75
1274,2021-05-26 19:36:50,726535311328.1251
1275,2021-05-27 16:37:15,742117152440.625
1276,2021-05-28 14:55:52,691429768003.125
1277,2021-05-29 13:18:14,657456730859.375
1278,2021-05-30 08:44:52,667879932462.5
1279,2021-05-31 02:47:01,652888186650.0
1280,2021-05-31 21:05:23,690133005250.0
1281,2021-06-01 15:01:08,693078330000.0
1282,2021-06-02 08:13:59,688037899518.75
1283,2021-06-02 21:44:51,704961858900.0001
1284,2021-06-03 16:36:00,720978585862.5
1285,2021-06-04 11:15:29,692156064609.375
1286,2021-06-05 06:28:51,704128656462.5
1287,2021-06-06 01:05:40,664834681250.0
1288,2021-06-06 17:58:17,678951321000.0
1289,2021-06-07 12:44:39,683760841925.0
1290,2021-06-08 08:38:01,620413189818.75
1291,2021-06-09 00:08:12,626353941200.0
1292,2021-06-09 18:55:42,683693602764.0226
1293,2021-06-10 17:26:04,689731992516.4275
1294,2021-06-11 18:05:13,686701685400.0
1295,2021-06-12 14:27:04,672142506750.0001
1296,2021-06-13 12:38:32,673487360087.3046
1297,2021-06-14 03:53:29,730164359981.25
1298,2021-06-14 23:59:08,752569227675.0
1299,2021-06-15 18:15:47,755340625181.25
1300,2021-06-16 17:55:04,728002822000.0
1301,2021-06-17 12:49:27,734258636718.75
1302,2021-06-18 07:39:11,703226819250.0
1303,2021-06-19 05:36:20,660387621468.75
1304,2021-06-20 05:29:14,667297570500.0
1305,2021-06-21 06:53:04,641123044050.0
1306,2021-06-22 06:55:29,610270941687.5
1307,2021-06-23 08:48:17,640325241806.25
1308,2021-06-24 11:50:43,622027859584.3749
1309,2021-06-25 11:57:02,629359371440.625
1310,2021-06-26 11:14:23,581502544531.2501
1311,2021-06-27 23:31:01,639347393812.5
1312,2021-06-29 04:17:41,645161997768.75
1313,2021-06-30 10:19:08,648765098937.5
1314,2021-07-01 15:24:24,629076944228.125
1315,2021-07-02 16:35:46,625968537328.1251
1316,2021-07-03 17:02:11,648974488859.375
1317,2021-07-04 13:13:05,666085923018.75
1318,2021-07-05 09:28:36,641333541234.375
1319,2021-07-06 05:44:41,649155785103.1249
1320,2021-07-06 21:59:13,635266478234.3749
1321,2021-07-07 18:20:55,648011016000.0
1322,2021-07-08 13:49:09,615032390000.0
1323,2021-07-09 08:23:12,615260388150.0
1324,2021-07-10 03:46:19,632196711312.5
1325,2021-07-10 18:47:50,626002434962.5
1326,2021-07-11 14:17:51,632269511493.75
1327,2021-07-12 11:40:03,634955169553.125
1328,2021-07-13 06:59:09,615097537587.5
1329,2021-07-14 01:10:04,613543791718.7499
1330,2021-07-14 16:24:59,616594606200.0
1331,2021-07-15 10:43:18,609629619828.125
1332,2021-07-16 04:44:38,599578304090.6251
1333,2021-07-16 21:13:01,598614670150.0
1334,2021-07-17 13:26:08,589200056856.25
1335,2021-07-18 08:00:07,598037886131.25
1336,2021-07-19 02:58:12,592646664828.125
1337,2021-07-19 18:10:16,575754602743.75
1338,2021-07-20 11:55:39,556422337359.3751
1339,2021-07-21 06:26:15,574125615000.0
1340,2021-07-22 00:22:57,600975418931.8279
1341,2021-07-22 16:59:28,608315912000.0001
1342,2021-07-23 13:36:35,607099353350.0
1343,2021-07-24 05:04:47,631299409843.75
1344,2021-07-24 22:59:55,637373604000.0
1345,2021-07-25 15:00:06,641637281137.5
1346,2021-07-26 06:32:22,721015875037.5
1347,2021-07-27 00:02:15,704723129258.5122
1348,2021-07-27 15:43:47,713531328500.0
1349,2021-07-28 06:30:43,751516640956.25
1350,2021-07-28 23:00:06,752293950787.5
1351,2021-07-29 16:02:10,749448657781.25
1352,2021-07-30 07:03:52,745711792593.75
1353,2021-07-30 21:56:47,756963761875.0
1354,2021-07-31 13:58:21,780174190500.0
1355,2021-08-01 06:00:56,789907313300.0001
1356,2021-08-01 21:56:57,772297168643.8145
1357,2021-08-02 17:34:30,749082439759.375
1358,2021-08-03 08:24:13,720402300450.0
1359,2021-08-04 00:11:52,719686086187.5
1360,2021-08-04 19:20:57,744514873700.0
1361,2021-08-05 12:17:20,716770126537.5
1362,2021-08-06 03:52:44,756763431325.0
1363,2021-08-06 19:26:40,801792117325.0
1364,2021-08-07 11:56:15,819134527500.0
1365,2021-08-08 01:58:53,833557941243.75
1366,2021-08-08 18:44:45,823239457100.0
1367,2021-08-09 11:31:04,844857099562.5
1368,2021-08-10 03:34:17,864137965250.0
1369,2021-08-10 19:06:13,846879443281.25
1370,2021-08-11 10:46:27,869270587250.0001
1371,2021-08-12 05:31:43,857655466125.0
1372,2021-08-12 22:38:29,831899916820.9686
1373,2021-08-13 15:09:34,874274805390.625
1374,2021-08-14 08:33:40,896378608978.125
1375,2021-08-14 23:35:05,884922478968.7501
1376,2021-08-15 14:20:02,862512816103.1249
1377,2021-08-16 03:33:23,895599827062.5
1378,2021-08-16 20:10:46,872672281500.0
1379,2021-08-17 10:22:03,870213824287.5001
1380,2021-08-18 02:31:37,839138790875.0
1381,2021-08-18 21:51:18,841075578984.375
1382,2021-08-19 15:05:44,844929165093.75
1383,2021-08-20 05:35:02,884975413728.125
1384,2021-08-20 22:07:10,914801557750.0
1385,2021-08-21 12:42:33,909299326809.375
1386,2021-08-22 04:49:27,916970927250.0
1387,2021-08-22 20:11:44,909551378909.375
1388,2021-08-23 11:31:13,946665883800.0
1389,2021-08-23 22:46:26,930357654192.6266
1390,2021-08-24 15:00:25,913801811062.5
1391,2021-08-25 07:08:22,911616301684.375
1392,2021-08-25 23:05:48,923171272621.875
1393,2021-08-26 17:44:48,877957029062.5
1394,2021-08-27 08:54:15,889060456631.25
1395,2021-08-28 03:37:06,922949598025.0
1396,2021-08-28 21:21:56,915133076162.5
1397,2021-08-29 13:31:52,909233680162.5
1398,2021-08-30 06:36:03,900965184500.0
1399,2021-08-31 02:45:28,881536751531.25
1400,2021-08-31 19:27:01,885563401203.125
1401,2021-09-01 15:00:16,892955048304.9296
1402,2021-09-02 09:04:09,938615741578.125
1403,2021-09-03 01:32:08,927724374890.0385
1404,2021-09-03 17:45:03,952738930131.25
1405,2021-09-04 10:35:14,946322008500.0
1406,2021-09-05 03:22:21,944004502531.25
1407,2021-09-05 19:06:52,946680197296.875
1408,2021-09-06 10:05:02,972734830925.0
1409,2021-09-07 01:10:07,991474384206.25
1410,2021-09-07 17:05:16,878013970793.75
1411,2021-09-08 10:46:23,867041002087.5
1412,2021-09-09 06:11:45,868200183943.75
1413,2021-09-09 23:28:49,874052889600.0
1414,2021-09-10 17:38:39,855582008531.25
1415,2021-09-11 11:33:00,859148931662.5
1416,2021-09-12 04:50:28,851183497356.25
1417,2021-09-12 23:07:48,851326638284.375
1418,2021-09-13 15:14:40,868741416203.125
1419,2021-09-14 05:02:42,850342340212.5
1420,2021-09-14 22:13:09,880675812225.0
1421,2021-09-15 16:12:09,899993950518.75
1422,2021-09-16 10:30:14,907458500687.5
1423,2021-09-17 05:12:51,901280796384.3748
1424,2021-09-17 22:04:27,883669989381.25
1425,2021-09-18 14:39:11,912175106250.0
1426,2021-09-19 07:14:23,903390030056.25
1427,2021-09-19 20:43:48,894924284999.9999
1428,2021-09-20 14:31:11,823622823000.0
1429,2021-09-21 05:47:16,795691695862.5
1430,2021-09-22 03:02:30,793715086500.0
1431,2021-09-22 22:53:43,815926340775.0
1432,2021-09-23 14:13:25,818966899831.25
1433,2021-09-24 06:25:07,831062339562.5
1434,2021-09-25 00:11:12,809568358485.0382
1435,2021-09-25 16:39:47,803117160000.0
1436,2021-09-26 12:00:45,809938886765.5986
1437,2021-09-27 05:35:37,828892085612.5
1438,2021-09-27 22:24:41,805348872000.0
1439,2021-09-28 14:45:44,796386523431.25
1440,2021-09-29 08:31:11,799173040975.0
1441,2021-09-30 02:36:59,806874379368.75
1442,2021-09-30 18:57:05,814448120136.9015
1443,2021-10-01 10:40:03,845902557500.0
1444,2021-10-02 03:57:07,899885925375.0
1445,2021-10-02 16:10:45,904164342693.75
1446,2021-10-03 08:13:41,903800650350.0
1447,2021-10-04 02:19:45,902905393883.956
1448,2021-10-04 18:19:53,911972542500.0
1449,2021-10-05 09:26:33,933810606565.2698
1450,2021-10-06 01:02:59,970051425000.0
1451,2021-10-06 19:07:29,1028865193056.25
1452,2021-10-07 16:20:46,1015526913887.5
1453,2021-10-08 10:05:33,1052353121531.25
1454,2021-10-09 06:31:58,1027005117600.0
1455,2021-10-09 23:43:57,1034087118625.0
1456,2021-10-10 14:37:39,1040538477712.5
1457,2021-10-11 06:22:58,1064116382000.0
1458,2021-10-12 01:10:30,1083456660625.0
1459,2021-10-12 19:29:55,1052810702850.0
1460,2021-10-13 13:55:55,1035095093279.949
1461,2021-10-14 03:33:23,1099917459349.9998
1462,2021-10-14 23:43:52,1084175083731.25
1463,2021-10-15 16:45:51,1131880928200.0
1464,2021-10-16 11:43:18,1162544241693.75
1465,2021-10-17 07:42:04,1142759217281.25
1466,2021-10-17 21:08:11,1141150314528.125
1467,2021-10-18 14:01:20,1142198755443.7502
1468,2021-10-19 10:27:32,1168965218268.7498
1469,2021-10-20 00:32:01,1210633343659.3748
1470,2021-10-20 17:31:54,1255979992968.75
1471,2021-10-21 10:09:22,1242112924968.75
1472,2021-10-22 04:00:52,1183908400218.75
1473,2021-10-22 19:24:35,1139131643343.75
1474,2021-10-23 11:14:54,1143658422812.4998
1475,2021-10-24 07:48:02,1149062160625.0
1476,2021-10-24 22:20:19,1152392423400.0
1477,2021-10-25 12:24:45,1184070484687.5
1478,2021-10-26 03:32:29,1184526891168.75
1479,2021-10-26 20:12:37,1175414312800.0
1480,2021-10-27 14:28:45,1116285915862.5002
1481,2021-10-28 04:31:15,1108367682975.0
1482,2021-10-28 21:50:28,1165459044843.75
1483,2021-10-29 12:01:53,1150791630131.25
1484,2021-10-30 04:46:34,1166230044524.9998
1485,2021-10-30 21:00:56,1164922582281.25
1486,2021-10-31 14:57:08,1139474417300.0
1487,2021-11-01 08:34:02,1172548631868.75
1488,2021-11-02 01:28:34,1155709067537.5
1489,2021-11-02 19:08:24,1198764082312.5
1490,2021-11-03 10:02:18,1188620437500.0
1491,2021-11-04 02:03:49,1186200542231.25
1492,2021-11-04 20:19:28,1150825371775.0002
1493,2021-11-05 13:13:50,1156883560425.0
1494,2021-11-06 03:59:50,1150181993350.3328
1495,2021-11-06 21:32:02,1156700696000.0
1496,2021-11-07 14:11:18,1168589461500.0002
