TimeStamp,TimeStamp,TotalHashRate
0,2018-11-10 00:00:00,47652507.45419567
1,2018-11-11 00:00:00,46121912.99635213
2,2018-11-12 00:00:00,47244348.93210406
3,2018-11-13 00:00:00,47091289.486319706
4,2018-11-14 00:00:00,46683130.964228086
5,2018-11-15 00:00:00,46938230.04053534
6,2018-11-16 00:00:00,47244348.93210406
7,2018-11-17 00:00:00,47185785.91291597
8,2018-11-18 00:00:00,47353181.04189558
9,2018-11-19 00:00:00,45715818.24939444
10,2018-11-20 00:00:00,44526318.98835641
11,2018-11-21 00:00:00,44640705.31233623
12,2018-11-22 00:00:00,42714092.6483446
13,2018-11-23 00:00:00,41998858.13251289
14,2018-11-24 00:00:00,41483931.27576368
15,2018-11-25 00:00:00,41389434.84916741
16,2018-11-26 00:00:00,41578427.70235995
17,2018-11-27 00:00:00,40869704.50288791
18,2018-11-28 00:00:00,40822456.28958978
19,2018-11-29 00:00:00,41436683.06246555
20,2018-11-30 00:00:00,40633463.43639724
21,2018-12-01 00:00:00,39499506.31724197
22,2018-12-02 00:00:00,38601790.26457738
23,2018-12-03 00:00:00,37987563.49170161
24,2018-12-04 00:00:00,37757484.0987607
25,2018-12-05 00:00:00,37101457.81240007
26,2018-12-06 00:00:00,36738876.2898894
27,2018-12-07 00:00:00,37191010.29589564
28,2018-12-08 00:00:00,36990084.38140167
29,2018-12-09 00:00:00,36223720.32571752
30,2018-12-10 00:00:00,35969936.15414294
31,2018-12-11 00:00:00,35927585.01089079
32,2018-12-12 00:00:00,35406314.246223845
33,2018-12-13 00:00:00,35005336.73494159
34,2018-12-14 00:00:00,34844945.73042867
35,2018-12-15 00:00:00,36128073.76653191
36,2018-12-16 00:00:00,37010224.29135288
37,2018-12-17 00:00:00,36488953.52668594
38,2018-12-18 00:00:00,37932472.56730209
39,2018-12-19 00:00:00,38029757.87999836
40,2018-12-20 00:00:00,38621228.80228803
41,2018-12-21 00:00:00,38263941.14131167
42,2018-12-22 00:00:00,37486502.68514604
43,2018-12-23 00:00:00,37857979.277734585
44,2018-12-24 00:00:00,39629042.503029644
45,2018-12-25 00:00:00,38725392.66323073
46,2018-12-26 00:00:00,39381720.460651256
47,2018-12-27 00:00:00,39671825.21542586
48,2018-12-28 00:00:00,41086085.894952014
49,2018-12-29 00:00:00,42065189.44231628
50,2018-12-30 00:00:00,40723454.95148378
51,2018-12-31 00:00:00,40723454.95148378
52,2019-01-01 00:00:00,40988642.93864155
53,2019-01-02 00:00:00,41167951.69083558
54,2019-01-03 00:00:00,41499587.17874794
55,2019-01-04 00:00:00,41374351.15681365
56,2019-01-05 00:00:00,41263555.15423308
57,2019-01-06 00:00:00,42762992.71688323
58,2019-01-07 00:00:00,42006626.677082494
59,2019-01-08 00:00:00,41855386.91444778
60,2019-01-09 00:00:00,42653392.38469464
61,2019-01-10 00:00:00,43172095.9403551
62,2019-01-11 00:00:00,43211996.21386744
63,2019-01-12 00:00:00,43172095.9403551
64,2019-01-13 00:00:00,42174589.10254652
65,2019-01-14 00:00:00,42014988.00849716
66,2019-01-15 00:00:00,42592390.90281262
67,2019-01-16 00:00:00,41364858.10563411
68,2019-01-17 00:00:00,40378611.626217365
69,2019-01-18 00:00:00,39460857.633699015
70,2019-01-19 00:00:00,39321940.28148003
71,2019-01-20 00:00:00,39373100.91338421
72,2019-01-21 00:00:00,40467000.62360207
73,2019-01-22 00:00:00,40531401.6940547
74,2019-01-23 00:00:00,40447831.793654576
75,2019-01-24 00:00:00,40991036.14625531
76,2019-01-25 00:00:00,42453509.40325727
77,2019-01-26 00:00:00,42453509.40325727
78,2019-01-27 00:00:00,43163853.55665823
79,2019-01-28 00:00:00,42328154.55265711
80,2019-01-29 00:00:00,42070490.13916485
81,2019-01-30 00:00:00,42667170.64818566
82,2019-01-31 00:00:00,42182365.65023651
83,2019-02-01 00:00:00,41813561.42624767
84,2019-02-02 00:00:00,42571473.8981909
85,2019-02-03 00:00:00,42249870.14245677
86,2019-02-04 00:00:00,42223714.957061954
87,2019-02-05 00:00:00,42283653.5059508
88,2019-02-06 00:00:00,42324946.1363277
89,2019-02-07 00:00:00,43481139.786881045
90,2019-02-08 00:00:00,44265699.76404225
91,2019-02-09 00:00:00,44472162.91592678
92,2019-02-10 00:00:00,44719918.6981882
93,2019-02-11 00:00:00,44881391.03419476
94,2019-02-12 00:00:00,45052997.46036647
95,2019-02-13 00:00:00,44492827.386146426
96,2019-02-14 00:00:00,44306824.50785981
97,2019-02-15 00:00:00,43191347.20788055
98,2019-02-16 00:00:00,41927449.37113639
99,2019-02-17 00:00:00,42190406.28864556
100,2019-02-18 00:00:00,43174813.52311371
101,2019-02-19 00:00:00,43605270.28805004
102,2019-02-20 00:00:00,44810549.22987175
103,2019-02-21 00:00:00,43820498.6705182
104,2019-02-22 00:00:00,42873493.78765827
105,2019-02-23 00:00:00,44380092.46493541
106,2019-02-24 00:00:00,44078772.729479976
107,2019-02-25 00:00:00,43134261.35239368
108,2019-02-26 00:00:00,42628200.62640031
109,2019-02-27 00:00:00,42855236.492090605
110,2019-02-28 00:00:00,43339079.64864058
111,2019-03-01 00:00:00,44684496.38070917
112,2019-03-02 00:00:00,44696377.202336416
113,2019-03-03 00:00:00,44232555.4303805
114,2019-03-04 00:00:00,44628180.42019511
115,2019-03-05 00:00:00,44369466.33080267
116,2019-03-06 00:00:00,43852038.1520178
117,2019-03-07 00:00:00,43291490.958334185
118,2019-03-08 00:00:00,42946538.83914428
119,2019-03-09 00:00:00,42256634.600764446
120,2019-03-10 00:00:00,42515348.69015688
121,2019-03-11 01:00:00,42083550.082220696
122,2019-03-12 01:00:00,42296165.80599963
123,2019-03-13 01:00:00,42034451.38454937
124,2019-03-14 01:00:00,42333452.00752722
125,2019-03-15 01:00:00,42890747.09303626
126,2019-03-16 01:00:00,43189370.05183899
127,2019-03-17 01:00:00,44263925.4653884
128,2019-03-18 01:00:00,44692660.79723757
129,2019-03-19 01:00:00,45511523.43479544
130,2019-03-20 01:00:00,46847562.47502144
131,2019-03-21 01:00:00,47968111.347469054
132,2019-03-22 01:00:00,47450934.94480093
133,2019-03-23 01:00:00,47795719.213246346
134,2019-03-24 01:00:00,47019954.60924415
135,2019-03-25 01:00:00,47511942.70877222
136,2019-03-26 01:00:00,47277876.56817043
137,2019-03-27 01:00:00,45849305.98008759
138,2019-03-28 01:00:00,45660541.98314703
139,2019-03-29 01:00:00,46111636.159224965
140,2019-03-30 01:00:00,45832267.87496195
141,2019-03-31 01:00:00,45880050.97829992
142,2019-04-01 01:00:00,45392747.94855412
143,2019-04-02 01:00:00,44849122.22461935
144,2019-04-03 01:00:00,45891071.52882768
145,2019-04-04 01:00:00,45573956.523199074
146,2019-04-05 01:00:00,45302143.66123168
147,2019-04-06 01:00:00,45800467.24150522
148,2019-04-07 01:00:00,45800760.35312041
149,2019-04-08 01:00:00,45905140.88635675
150,2019-04-09 01:00:00,46463226.783307485
151,2019-04-10 01:00:00,45343570.102845006
152,2019-04-11 01:00:00,45629843.13782836
153,2019-04-12 01:00:00,46415319.08793084
154,2019-04-13 01:00:00,46112957.36693338
155,2019-04-14 01:00:00,45944645.703356765
156,2019-04-15 01:00:00,45082048.60023051
157,2019-04-16 01:00:00,44945849.05763162
158,2019-04-17 01:00:00,45536047.0755601
159,2019-04-18 01:00:00,45082048.60023049
160,2019-04-19 01:00:00,44718849.81996679
161,2019-04-20 01:00:00,44764249.66749974
162,2019-04-21 01:00:00,44582650.27736789
163,2019-04-22 01:00:00,46358030.738890514
164,2019-04-23 01:00:00,45820575.06684863
165,2019-04-24 01:00:00,44471034.32044648
166,2019-04-25 01:00:00,45559736.86760464
167,2019-04-26 01:00:00,45246724.34261105
168,2019-04-27 01:00:00,45158438.97473425
169,2019-04-28 01:00:00,45391928.6805472
170,2019-04-29 01:00:00,45431648.32671012
171,2019-04-30 01:00:00,46740007.61317944
172,2019-05-01 01:00:00,47822787.71232646
173,2019-05-02 01:00:00,48183714.41204213
174,2019-05-03 01:00:00,50033463.74808495
175,2019-05-04 01:00:00,50078579.5855494
176,2019-05-05 01:00:00,50041434.90466358
177,2019-05-06 01:00:00,48827339.2115339
178,2019-05-07 01:00:00,48660338.77343287
179,2019-05-08 01:00:00,48388716.86425587
180,2019-05-09 01:00:00,47908384.965304114
181,2019-05-10 01:00:00,46746356.70158451
182,2019-05-11 01:00:00,45838154.26510412
183,2019-05-12 01:00:00,45881810.26580112
184,2019-05-13 01:00:00,47262072.19288435
185,2019-05-14 01:00:00,48023596.014723375
186,2019-05-15 01:00:00,49213476.98634685
187,2019-05-16 01:00:00,49070691.26975203
188,2019-05-17 01:00:00,48880310.314292274
189,2019-05-18 01:00:00,50117786.52478068
190,2019-05-19 01:00:00,51214225.965317614
191,2019-05-20 01:00:00,51455052.94267096
192,2019-05-21 01:00:00,51172297.31357711
193,2019-05-22 01:00:00,51222568.44080637
194,2019-05-23 01:00:00,52082203.48126964
195,2019-05-24 01:00:00,52656109.68334538
196,2019-05-25 01:00:00,52753976.04943957
197,2019-05-26 01:00:00,52135937.522852704
198,2019-05-27 01:00:00,52231162.97951544
199,2019-05-28 01:00:00,52516839.34950367
200,2019-05-29 01:00:00,53040579.36114876
201,2019-05-30 01:00:00,53373868.45946837
202,2019-05-31 01:00:00,53517351.455394745
203,2019-06-01 01:00:00,52430641.24589246
204,2019-06-02 01:00:00,53764035.527405046
205,2019-06-03 01:00:00,52847618.057864495
206,2019-06-04 01:00:00,51200279.005999885
207,2019-06-05 01:00:00,51549891.83897488
208,2019-06-06 01:00:00,51741225.451466784
209,2019-06-07 01:00:00,52391955.68991894
210,2019-06-08 01:00:00,54563917.452595055
211,2019-06-09 01:00:00,53133601.16985713
212,2019-06-10 01:00:00,53981196.0040722
213,2019-06-11 01:00:00,55994233.73533298
214,2019-06-12 01:00:00,55411512.28681012
215,2019-06-13 01:00:00,53875246.64979531
216,2019-06-14 01:00:00,53557398.58696467
217,2019-06-15 01:00:00,54082274.33669795
218,2019-06-16 01:00:00,55195584.690390095
219,2019-06-17 01:00:00,54248595.791119024
220,2019-06-18 01:00:00,52929712.93523461
221,2019-06-19 01:00:00,53931003.70699912
222,2019-06-20 01:00:00,56304637.07335659
223,2019-06-21 01:00:00,55882395.93446344
224,2019-06-22 01:00:00,53985662.65170729
225,2019-06-23 01:00:00,53722574.62708884
226,2019-06-24 01:00:00,56406072.47819709
227,2019-06-25 01:00:00,58721247.09483951
228,2019-06-26 01:00:00,57826747.811136745
229,2019-06-27 01:00:00,57195336.55205245
230,2019-06-28 01:00:00,57552683.32654218
231,2019-06-29 01:00:00,59739282.95366378
232,2019-06-30 01:00:00,62124770.89416702
233,2019-07-01 01:00:00,61165896.3321803
234,2019-07-02 01:00:00,59910359.24671195
235,2019-07-03 01:00:00,61131189.48583869
236,2019-07-04 01:00:00,62141158.69857858
237,2019-07-05 01:00:00,63617010.31623937
238,2019-07-06 01:00:00,65082061.0409712
239,2019-07-07 01:00:00,65307453.46016071
240,2019-07-08 01:00:00,65363801.564958096
241,2019-07-09 01:00:00,67335985.23286632
242,2019-07-10 01:00:00,67824437.59753051
243,2019-07-11 01:00:00,66436142.99143575
244,2019-07-12 01:00:00,65329588.909327865
245,2019-07-13 01:00:00,65236285.6663823
246,2019-07-14 01:00:00,64282328.42397341
247,2019-07-15 01:00:00,64994549.13232235
248,2019-07-16 01:00:00,64362436.05344269
249,2019-07-17 01:00:00,65398734.029139936
250,2019-07-18 01:00:00,65656209.35996332
251,2019-07-19 01:00:00,65141258.69831656
252,2019-07-20 01:00:00,62180292.39384763
253,2019-07-21 01:00:00,64497570.37125809
254,2019-07-22 01:00:00,64755045.70208146
255,2019-07-23 01:00:00,65527471.69455161
256,2019-07-24 01:00:00,64272984.39400616
257,2019-07-25 01:00:00,64609474.122063085
258,2019-07-26 01:00:00,66422512.06746268
259,2019-07-27 01:00:00,69452834.29261257
260,2019-07-28 01:00:00,67789239.82918887
261,2019-07-29 01:00:00,69400228.24262595
262,2019-07-30 01:00:00,69983819.38224609
263,2019-07-31 01:00:00,69900133.59643506
264,2019-08-01 01:00:00,71948489.15970054
265,2019-08-02 01:00:00,71436400.26888415
266,2019-08-03 01:00:00,71628433.6029403
267,2019-08-04 01:00:00,72972666.94133328
268,2019-08-05 01:00:00,72460578.05051689
269,2019-08-06 01:00:00,71750336.91595866
270,2019-08-07 01:00:00,74077368.96597403
271,2019-08-08 01:00:00,73980793.8246928
272,2019-08-09 01:00:00,74960524.08975093
273,2019-08-10 01:00:00,74566507.44960834
274,2019-08-11 01:00:00,74200088.84510118
275,2019-08-12 01:00:00,74359558.14922813
276,2019-08-13 01:00:00,73747045.07134311
277,2019-08-14 01:00:00,73463402.59029947
278,2019-08-15 01:00:00,73392491.97003858
279,2019-08-16 01:00:00,74456151.27395217
280,2019-08-17 01:00:00,74456151.27395217
281,2019-08-18 01:00:00,72825207.00795132
282,2019-08-19 01:00:00,70938762.0150292
283,2019-08-20 01:00:00,73295435.9189537
284,2019-08-21 01:00:00,73227077.85694619
285,2019-08-22 01:00:00,72283871.86080377
286,2019-08-23 01:00:00,71347701.30319196
287,2019-08-24 01:00:00,71988449.44379352
288,2019-08-25 01:00:00,74482723.32512148
289,2019-08-26 01:00:00,76729088.15301374
290,2019-08-27 01:00:00,74848827.7458711
291,2019-08-28 01:00:00,73547109.00246464
292,2019-08-29 01:00:00,74631874.62197001
293,2019-08-30 01:00:00,76367499.61317861
294,2019-08-31 01:00:00,76873723.56894778
295,2019-09-01 01:00:00,77307629.81674993
296,2019-09-02 01:00:00,76949688.48478605
297,2019-09-03 01:00:00,78440212.48352495
298,2019-09-04 01:00:00,81222826.59520006
299,2019-09-05 01:00:00,80706441.94499876
300,2019-09-06 01:00:00,81396021.79746327
301,2019-09-07 01:00:00,81911711.33116189
302,2019-09-08 01:00:00,81381518.7786572
303,2019-09-09 01:00:00,84070180.80035755
304,2019-09-10 01:00:00,83840689.86095712
305,2019-09-11 01:00:00,85217635.49735968
306,2019-09-12 01:00:00,88889490.52776657
307,2019-09-13 01:00:00,88354011.66916557
308,2019-09-14 01:00:00,87940628.05525532
309,2019-09-15 01:00:00,89554384.74609981
310,2019-09-16 01:00:00,88427197.63210218
311,2019-09-17 01:00:00,91022467.59238549
312,2019-09-18 01:00:00,89597236.24816692
313,2019-09-19 01:00:00,90214468.3326224
314,2019-09-20 01:00:00,90625164.50360727
315,2019-09-21 01:00:00,91702566.29484172
316,2019-09-22 01:00:00,92631413.6514193
317,2019-09-23 01:00:00,94235786.35823512
318,2019-09-24 01:00:00,90098193.58802588
319,2019-09-25 01:00:00,90858159.60704388
320,2019-09-26 01:00:00,89338227.56900778
321,2019-09-27 01:00:00,91434682.17080024
322,2019-09-28 01:00:00,90645114.94483176
323,2019-09-29 01:00:00,91035500.50166678
324,2019-09-30 01:00:00,89341776.99429794
325,2019-10-01 01:00:00,91495287.63803318
326,2019-10-02 01:00:00,91195824.21270092
327,2019-10-03 01:00:00,91433868.6440188
328,2019-10-04 01:00:00,90160370.3862084
329,2019-10-05 01:00:00,91519571.94981956
330,2019-10-06 01:00:00,91428958.51224542
331,2019-10-07 01:00:00,92606933.20070843
332,2019-10-08 01:00:00,94872269.14006042
333,2019-10-09 01:00:00,96593924.45396784
334,2019-10-10 01:00:00,95687790.07822707
335,2019-10-11 01:00:00,97179223.93948364
336,2019-10-12 01:00:00,98269788.05675264
337,2019-10-13 01:00:00,96238944.05855842
338,2019-10-14 01:00:00,95855009.81241502
339,2019-10-15 01:00:00,94280759.19669506
340,2019-10-16 01:00:00,93734992.14572488
341,2019-10-17 01:00:00,94440182.24777238
342,2019-10-18 01:00:00,93485053.29452874
343,2019-10-19 01:00:00,93854559.43403289
344,2019-10-20 01:00:00,94685948.24791704
345,2019-10-21 01:00:00,95055454.38742112
346,2019-10-22 01:00:00,97272491.22444558
347,2019-10-23 01:00:00,98750515.78246188
348,2019-10-24 01:00:00,101132725.05483378
349,2019-10-25 01:00:00,100207780.94612253
350,2019-10-26 01:00:00,98845219.46318832
351,2019-10-27 01:00:00,99339894.79783738
352,2019-10-28 01:00:00,97034324.12029605
353,2019-10-29 01:00:00,95375220.792608
354,2019-10-30 01:00:00,92695122.52125238
355,2019-10-31 01:00:00,90131834.47920878
356,2019-11-01 01:00:00,90034604.88430132
357,2019-11-02 01:00:00,89256768.1250417
358,2019-11-03 01:00:00,88673390.55559696
359,2019-11-04 00:00:00,90909671.2384684
360,2019-11-05 00:00:00,90715212.04865348
361,2019-11-06 00:00:00,91784737.59263548
362,2019-11-07 00:00:00,91590278.40282056
363,2019-11-08 00:00:00,91861270.49919157
364,2019-11-09 00:00:00,90783752.60638504
365,2019-11-10 00:00:00,90762607.514594
366,2019-11-11 00:00:00,92339819.41656034
367,2019-11-12 00:00:00,93145448.40611652
368,2019-11-13 00:00:00,91339031.07613796
369,2019-11-14 00:00:00,90699368.88504884
370,2019-11-15 00:00:00,92859958.3564599
371,2019-11-16 00:00:00,95569879.32016982
372,2019-11-17 00:00:00,95931202.11533114
373,2019-11-18 00:00:00,94847233.72984722
374,2019-11-19 00:00:00,93853596.04315355
375,2019-11-20 00:00:00,94937564.42863752
376,2019-11-21 00:00:00,95569879.32016984
377,2019-11-22 00:00:00,92753027.64806037
378,2019-11-23 00:00:00,90641806.33248484
379,2019-11-24 00:00:00,93211181.34439716
380,2019-11-25 00:00:00,91369153.8157004
381,2019-11-26 00:00:00,90238982.020373
382,2019-11-27 00:00:00,88200108.30866559
383,2019-11-28 00:00:00,88179081.2317132
384,2019-11-29 00:00:00,90747073.1583127
385,2019-11-30 00:00:00,91115589.19144288
386,2019-12-01 00:00:00,86785525.80216303
387,2019-12-02 00:00:00,87522557.86842345
388,2019-12-03 00:00:00,89365138.03407446
389,2019-12-04 00:00:00,92681782.33224624
390,2019-12-05 00:00:00,95261394.56415763
391,2019-12-06 00:00:00,93585274.42810574
392,2019-12-07 00:00:00,94315177.49841551
393,2019-12-08 00:00:00,96880815.35477404
394,2019-12-09 00:00:00,97608664.81120312
395,2019-12-10 00:00:00,97783740.2179369
396,2019-12-11 00:00:00,96761138.5169976
397,2019-12-12 00:00:00,93446264.21635814
398,2019-12-13 00:00:00,92267470.55522303
399,2019-12-14 00:00:00,92907581.8474793
400,2019-12-15 00:00:00,92541803.96619
401,2019-12-16 00:00:00,90347136.67845428
402,2019-12-17 00:00:00,91170136.91135515
403,2019-12-18 00:00:00,90530025.61909892
404,2019-12-19 00:00:00,90712914.55974354
405,2019-12-20 00:00:00,92925415.7375964
406,2019-12-21 00:00:00,93370681.81483611
407,2019-12-22 00:00:00,95746472.56319731
408,2019-12-23 00:00:00,99947585.9399815
409,2019-12-24 00:00:00,98740227.53509028
410,2019-12-25 00:00:00,97340808.47463705
411,2019-12-26 00:00:00,96857362.7365599
412,2019-12-27 00:00:00,97839066.68251048
413,2019-12-28 00:00:00,96827572.572071
414,2019-12-29 00:00:00,94344814.30099222
415,2019-12-30 00:00:00,93057458.16043285
416,2019-12-31 00:00:00,95172400.3913518
417,2020-01-01 00:00:00,97011480.59215084
418,2020-01-02 00:00:00,101344004.24026024
419,2020-01-03 00:00:00,99804501.46535622
420,2020-01-04 00:00:00,103031751.9698384
421,2020-01-05 00:00:00,105793194.82492831
422,2020-01-06 00:00:00,107512955.57361656
423,2020-01-07 00:00:00,105477457.15335812
424,2020-01-08 00:00:00,109390648.9224672
425,2020-01-09 00:00:00,107202820.5002444
426,2020-01-10 00:00:00,108770686.24796285
427,2020-01-11 00:00:00,106810854.06331484
428,2020-01-12 00:00:00,106320896.01715285
429,2020-01-13 00:00:00,105144996.70636413
430,2020-01-14 00:00:00,105928929.5802233
431,2020-01-15 00:00:00,102912016.52961266
432,2020-01-16 00:00:00,104842225.07092445
433,2020-01-17 00:00:00,106142030.5758593
434,2020-01-18 00:00:00,108225768.95465344
435,2020-01-19 00:00:00,106104409.8345753
436,2020-01-20 00:00:00,107047760.00503172
437,2020-01-21 00:00:00,108984910.82487468
438,2020-01-22 00:00:00,110810185.47842276
439,2020-01-23 00:00:00,111334854.91724102
440,2020-01-24 00:00:00,111334854.91724102
441,2020-01-25 00:00:00,110600317.70289543
442,2020-01-26 00:00:00,113958202.11133245
443,2020-01-27 00:00:00,113223664.89698689
444,2020-01-28 00:00:00,110810185.47842276
445,2020-01-29 00:00:00,110086945.93868303
446,2020-01-30 00:00:00,111290378.26366591
447,2020-01-31 00:00:00,111739680.95495509
448,2020-02-01 00:00:00,111605536.94938122
449,2020-02-02 00:00:00,110981010.23884848
450,2020-02-03 00:00:00,111681439.2305468
451,2020-02-04 00:00:00,114400102.6139399
452,2020-02-05 00:00:00,113566280.3491336
453,2020-02-06 00:00:00,113456448.3565329
454,2020-02-07 00:00:00,111149976.51191804
455,2020-02-08 00:00:00,110600816.54891446
456,2020-02-09 00:00:00,109282832.6377059
457,2020-02-10 00:00:00,110381152.56371304
458,2020-02-11 00:00:00,107525520.7560946
459,2020-02-12 00:00:00,109340676.42941175
460,2020-02-13 00:00:00,107554857.49007316
461,2020-02-14 00:00:00,108294601.66974202
462,2020-02-15 00:00:00,107932589.65855002
463,2020-02-16 00:00:00,108343410.57122572
464,2020-02-17 00:00:00,107216583.58749144
465,2020-02-18 00:00:00,111150618.92552446
466,2020-02-19 00:00:00,111398345.74036533
467,2020-02-20 00:00:00,111287941.03695574
468,2020-02-21 00:00:00,109631870.48581052
469,2020-02-22 00:00:00,111729559.85059436
470,2020-02-23 00:00:00,112391988.07105252
471,2020-02-24 00:00:00,112391988.07105252
472,2020-02-25 00:00:00,110625512.81649764
473,2020-02-26 00:00:00,109924843.8400675
474,2020-02-27 00:00:00,109315034.29177237
475,2020-02-28 00:00:00,111571073.1619546
476,2020-02-29 00:00:00,111945558.20399804
477,2020-03-01 00:00:00,110892855.15019846
478,2020-03-02 00:00:00,114681812.94945893
479,2020-03-03 00:00:00,115501740.88073803
480,2020-03-04 00:00:00,116468614.68224476
481,2020-03-05 00:00:00,119877988.6719989
482,2020-03-06 00:00:00,121637665.56993648
483,2020-03-07 00:00:00,121307726.15157305
484,2020-03-08 00:00:00,123287362.66175292
485,2020-03-09 01:00:00,121197746.34545204
486,2020-03-10 01:00:00,121936055.96162646
487,2020-03-11 01:00:00,120625751.53822832
488,2020-03-12 01:00:00,116247579.24678098
489,2020-03-13 01:00:00,116070927.61330412
490,2020-03-14 01:00:00,113717813.26408868
491,2020-03-15 01:00:00,111497389.43702026
492,2020-03-16 01:00:00,108109035.40066276
493,2020-03-17 01:00:00,104972190.00322084
494,2020-03-18 01:00:00,103914239.60005283
495,2020-03-19 01:00:00,101680788.74892049
496,2020-03-20 01:00:00,96508586.77787718
497,2020-03-21 01:00:00,94627786.06113414
498,2020-03-22 01:00:00,94157585.88194844
499,2020-03-23 01:00:00,95097986.24031994
500,2020-03-24 01:00:00,94275135.92674486
501,2020-03-25 01:00:00,95333086.32991289
502,2020-03-26 01:00:00,94392685.97154132
503,2020-03-27 01:00:00,97885234.2295388
504,2020-03-28 01:00:00,100386175.7558384
505,2020-03-29 01:00:00,99147879.97675765
506,2020-03-30 01:00:00,99137723.37003462
507,2020-03-31 01:00:00,100495620.10857132
508,2020-04-01 01:00:00,100688107.93123949
509,2020-04-02 01:00:00,104989801.55573513
510,2020-04-03 01:00:00,104035696.2502867
511,2020-04-04 01:00:00,101763311.62183788
512,2020-04-05 01:00:00,103936896.91861507
513,2020-04-06 01:00:00,106308080.8787355
514,2020-04-07 01:00:00,104430893.57697348
515,2020-04-08 01:00:00,105320087.56201862
516,2020-04-09 01:00:00,104926817.65001218
517,2020-04-10 01:00:00,105903459.59372948
518,2020-04-11 01:00:00,109895383.97791174
519,2020-04-12 01:00:00,110999326.6368086
520,2020-04-13 01:00:00,109697883.67537546
521,2020-04-14 01:00:00,114921002.25323077
522,2020-04-15 01:00:00,115878648.73909876
523,2020-04-16 01:00:00,118816054.72042176
524,2020-04-17 01:00:00,118816054.72042176
525,2020-04-18 01:00:00,115054068.8189836
526,2020-04-19 01:00:00,114949569.21061032
527,2020-04-20 01:00:00,114845069.60223705
528,2020-04-21 01:00:00,113800073.51850416
529,2020-04-22 01:00:00,112777076.67665616
530,2020-04-23 01:00:00,109962852.46635231
531,2020-04-24 01:00:00,109962750.66907205
532,2020-04-25 01:00:00,113010797.98649304
533,2020-04-26 01:00:00,111912718.6898519
534,2020-04-27 01:00:00,111554966.88776174
535,2020-04-28 01:00:00,110710037.98755716
536,2020-04-29 01:00:00,111629896.6466346
537,2020-04-30 01:00:00,113216514.46699288
538,2020-05-01 01:00:00,112423205.55681372
539,2020-05-02 01:00:00,112083216.02387974
540,2020-05-03 01:00:00,113443174.15561531
541,2020-05-04 01:00:00,116956399.32926574
542,2020-05-05 01:00:00,118883006.68255793
543,2020-05-06 01:00:00,119472293.06066506
544,2020-05-07 01:00:00,120652100.7291822
545,2020-05-08 01:00:00,122164632.51837364
546,2020-05-09 01:00:00,121853507.63821308
547,2020-05-10 01:00:00,120634706.08752494
548,2020-05-11 01:00:00,121037811.5024568
549,2020-05-12 01:00:00,121087434.47597235
550,2020-05-13 01:00:00,119743045.08479336
551,2020-05-14 01:00:00,115740173.4725988
552,2020-05-15 01:00:00,111966037.38110098
553,2020-05-16 01:00:00,110593624.25691998
554,2020-05-17 01:00:00,109449946.65343568
555,2020-05-18 01:00:00,101672938.9497433
556,2020-05-19 01:00:00,98356273.89963916
557,2020-05-20 01:00:00,94810873.3288382
558,2020-05-21 01:00:00,93625665.17859995
559,2020-05-22 01:00:00,94670543.88510194
560,2020-05-23 01:00:00,92307330.90926416
561,2020-05-24 01:00:00,90689768.70048092
562,2020-05-25 01:00:00,91494525.79228356
563,2020-05-26 01:00:00,90293241.9583556
564,2020-05-27 01:00:00,90471236.69303168
565,2020-05-28 01:00:00,92882000.95950736
566,2020-05-29 01:00:00,92882000.95950736
567,2020-05-30 01:00:00,94602038.01431304
568,2020-05-31 01:00:00,98579623.70355111
569,2020-06-01 01:00:00,102234702.44501317
570,2020-06-02 01:00:00,103202223.2883414
571,2020-06-03 01:00:00,103739734.86796816
572,2020-06-04 01:00:00,103847237.18389344
573,2020-06-05 01:00:00,105288528.1766404
574,2020-06-06 01:00:00,109091786.58629324
575,2020-06-07 01:00:00,111435315.22543454
576,2020-06-08 01:00:00,110815623.43783526
577,2020-06-09 01:00:00,112208528.24468684
578,2020-06-10 01:00:00,113943904.93806836
579,2020-06-11 01:00:00,114994337.8583901
580,2020-06-12 01:00:00,117511415.09088524
581,2020-06-13 01:00:00,115951097.54610994
582,2020-06-14 01:00:00,112245343.37726866
583,2020-06-15 01:00:00,113318061.6893015
584,2020-06-16 01:00:00,110977585.37213866
585,2020-06-17 01:00:00,110570811.73739882
586,2020-06-18 01:00:00,110046645.12823597
587,2020-06-19 01:00:00,105905233.95063552
588,2020-06-20 01:00:00,105926966.55685537
589,2020-06-21 01:00:00,105875824.18477464
590,2020-06-22 01:00:00,105663297.23398964
591,2020-06-23 01:00:00,108235120.84612934
592,2020-06-24 01:00:00,110749704.10207164
593,2020-06-25 01:00:00,110861798.94428022
594,2020-06-26 01:00:00,112767411.26182596
595,2020-06-27 01:00:00,115233497.79041466
596,2020-06-28 01:00:00,115345592.63262324
597,2020-06-29 01:00:00,115793972.0014575
598,2020-06-30 01:00:00,116018161.68587464
599,2020-07-01 01:00:00,114784987.49487364
600,2020-07-02 01:00:00,117362562.8620576
601,2020-07-03 01:00:00,119940130.74771547
602,2020-07-04 01:00:00,119827426.16113047
603,2020-07-05 01:00:00,121956640.86329532
604,2020-07-06 01:00:00,123413264.06763048
605,2020-07-07 01:00:00,124421541.56999876
606,2020-07-08 01:00:00,125990398.0247752
607,2020-07-09 01:00:00,124757395.90887436
608,2020-07-10 01:00:00,124757395.90887436
609,2020-07-11 01:00:00,124533213.70598333
610,2020-07-12 01:00:00,124421122.60453776
611,2020-07-13 01:00:00,123188120.48863705
612,2020-07-14 01:00:00,123224185.9661429
613,2020-07-15 01:00:00,122915681.28235176
614,2020-07-16 01:00:00,122988997.50264348
615,2020-07-17 01:00:00,121358766.0340192
616,2020-07-18 01:00:00,117847537.53861403
617,2020-07-19 01:00:00,116374944.77118148
618,2020-07-20 01:00:00,115473898.09459306
619,2020-07-21 01:00:00,115544420.5882285
620,2020-07-22 01:00:00,113203968.57204904
621,2020-07-23 01:00:00,113943058.68242148
622,2020-07-24 01:00:00,113943058.68242148
623,2020-07-25 01:00:00,119239871.14009078
624,2020-07-26 01:00:00,120718051.36083578
625,2020-07-27 01:00:00,124043956.85751176
626,2020-07-28 01:00:00,124990478.24995862
627,2020-07-29 01:00:00,126940916.2450892
628,2020-07-30 01:00:00,126909829.43703118
629,2020-07-31 01:00:00,126308844.8531762
630,2020-08-01 01:00:00,124781881.42071432
631,2020-08-02 01:00:00,123681091.53514747
632,2020-08-03 01:00:00,121087964.30590864
633,2020-08-04 01:00:00,122154894.82121404
634,2020-08-05 01:00:00,122154894.82121404
635,2020-08-06 01:00:00,119881689.13893875
636,2020-08-07 01:00:00,122394179.62987462
637,2020-08-08 01:00:00,122274537.22554436
638,2020-08-09 01:00:00,122872749.24719577
639,2020-08-10 01:00:00,124667385.31214993
640,2020-08-11 01:00:00,121699816.45820165
641,2020-08-12 01:00:00,122886223.95061506
642,2020-08-13 01:00:00,126347972.69387735
643,2020-08-14 01:00:00,125375833.9150075
644,2020-08-15 01:00:00,127289349.96388794
645,2020-08-16 01:00:00,129075393.19033508
646,2020-08-17 01:00:00,128705025.71407253
647,2020-08-18 01:00:00,127334807.63169724
648,2020-08-19 01:00:00,125649847.98439696
649,2020-08-20 01:00:00,123363117.03448936
650,2020-08-21 01:00:00,123242762.7739679
651,2020-08-22 01:00:00,121798511.64771044
652,2020-08-23 01:00:00,119391426.43728134
653,2020-08-24 01:00:00,119993197.73988862
654,2020-08-25 01:00:00,123297691.91400088
655,2020-08-26 01:00:00,122408096.68320656
656,2020-08-27 01:00:00,123504835.1093218
657,2020-08-28 01:00:00,122017801.8251035
658,2020-08-29 01:00:00,123686955.52615394
659,2020-08-30 01:00:00,125523152.51213108
660,2020-08-31 01:00:00,122462847.34276728
661,2020-09-01 01:00:00,122817197.05918723
662,2020-09-02 01:00:00,126059072.31151097
663,2020-09-03 01:00:00,126308447.33092047
664,2020-09-04 01:00:00,126308447.33092047
665,2020-09-05 01:00:00,122817197.05918723
666,2020-09-06 01:00:00,122193759.51066346
667,2020-09-07 01:00:00,125061572.2338729
668,2020-09-08 01:00:00,128038750.60213156
669,2020-09-09 01:00:00,127930089.15456907
670,2020-09-10 01:00:00,128329210.6086876
671,2020-09-11 01:00:00,131707283.0014274
672,2020-09-12 01:00:00,131873589.68471669
673,2020-09-13 01:00:00,135233596.35173258
674,2020-09-14 01:00:00,136485959.17091686
675,2020-09-15 01:00:00,136485692.07769784
676,2020-09-16 01:00:00,136608874.11025897
677,2020-09-17 01:00:00,137347966.3056256
678,2020-09-18 01:00:00,139811606.95684758
679,2020-09-19 01:00:00,143137521.83599725
680,2020-09-20 01:00:00,140550699.15221414
681,2020-09-21 01:00:00,139904505.85300225
682,2020-09-22 01:00:00,138113015.65931174
683,2020-09-23 01:00:00,136590567.76792592
684,2020-09-24 01:00:00,136974413.0675965
685,2020-09-25 01:00:00,133839259.63432512
686,2020-09-26 01:00:00,136694669.32218263
687,2020-09-27 01:00:00,138914905.99167845
688,2020-09-28 01:00:00,140454294.33070654
689,2020-09-29 01:00:00,138259695.98178923
690,2020-09-30 01:00:00,139905644.7434772
691,2020-10-01 01:00:00,141825918.29877985
692,2020-10-02 01:00:00,140042807.14028457
693,2020-10-03 01:00:00,135516448.04564264
694,2020-10-04 01:00:00,135653610.44244996
695,2020-10-05 01:00:00,136460935.2778584
696,2020-10-06 01:00:00,137953248.43701744
697,2020-10-07 01:00:00,136429165.52396673
698,2020-10-08 01:00:00,135725586.01090178
699,2020-10-09 01:00:00,140918695.23724535
700,2020-10-10 01:00:00,141724961.08085743
701,2020-10-11 01:00:00,140610835.70341173
702,2020-10-12 01:00:00,138141088.9005937
703,2020-10-13 01:00:00,139374491.48006326
704,2020-10-14 01:00:00,144308101.79794163
705,2020-10-15 01:00:00,144034012.33583727
706,2020-10-16 01:00:00,142526520.29426333
707,2020-10-17 01:00:00,144308101.79794163
708,2020-10-18 01:00:00,146484944.0374199
709,2020-10-19 01:00:00,144339932.50425592
710,2020-10-20 01:00:00,141671570.50887823
711,2020-10-21 01:00:00,139371646.13118583
712,2020-10-22 01:00:00,137413336.253064
713,2020-10-23 01:00:00,136175009.87699607
714,2020-10-24 01:00:00,133536442.03601234
715,2020-10-25 01:00:00,133347787.62065108
716,2020-10-26 01:00:00,132921756.35029756
717,2020-10-27 01:00:00,130791599.99852994
718,2020-10-28 01:00:00,124401130.94322716
719,2020-10-29 01:00:00,120140818.239692
720,2020-10-30 01:00:00,116022515.95960796
721,2020-10-31 01:00:00,113182307.49058452
722,2020-11-01 01:00:00,107643900.9759888
723,2020-11-02 00:00:00,108779984.36359818
724,2020-11-03 00:00:00,106649828.0118306
725,2020-11-04 00:00:00,110352547.38279946
726,2020-11-05 00:00:00,115107145.4793848
727,2020-11-06 00:00:00,117295045.8154021
728,2020-11-07 00:00:00,119772222.0675452
729,2020-11-08 00:00:00,121130852.4218934
730,2020-11-09 00:00:00,119831614.77952172
731,2020-11-10 00:00:00,128395929.46810678
732,2020-11-11 00:00:00,128159204.24421576
733,2020-11-12 00:00:00,126728589.87125708
734,2020-11-13 00:00:00,128278422.108629
735,2020-11-14 00:00:00,126609372.00684384
736,2020-11-15 00:00:00,126132500.54919095
737,2020-11-16 00:00:00,127563114.92214964
738,2020-11-17 00:00:00,124869930.27180228
739,2020-11-18 00:00:00,126964111.470282
740,2020-11-19 00:00:00,130557849.9121164
741,2020-11-20 00:00:00,128602936.80096644
742,2020-11-21 00:00:00,133025455.05449376
743,2020-11-22 00:00:00,137215282.81839427
744,2020-11-23 00:00:00,141076183.18505344
745,2020-11-24 00:00:00,140083639.15004912
746,2020-11-25 00:00:00,137459413.9741784
747,2020-11-26 00:00:00,135709930.523598
748,2020-11-27 00:00:00,137334450.87056553
749,2020-11-28 00:00:00,135584967.4199851
750,2020-11-29 00:00:00,133710520.86579175
751,2020-11-30 00:00:00,131309769.58997224
752,2020-12-01 00:00:00,128313154.48992188
753,2020-12-02 00:00:00,131996845.77838089
754,2020-12-03 00:00:00,130449316.11808936
755,2020-12-04 00:00:00,133063743.47504067
756,2020-12-05 00:00:00,133409747.66795124
757,2020-12-06 00:00:00,133755751.8608618
758,2020-12-07 00:00:00,132914894.0268177
759,2020-12-08 00:00:00,137948518.46795613
760,2020-12-09 00:00:00,136860167.23743972
761,2020-12-10 00:00:00,137948518.46795613
762,2020-12-11 00:00:00,134275333.06496322
763,2020-12-12 00:00:00,133459069.64207593
764,2020-12-13 00:00:00,131826542.79630128
765,2020-12-14 00:00:00,134533587.6076591
766,2020-12-15 00:00:00,133351912.2347564
767,2020-12-16 00:00:00,132323572.3468348
768,2020-12-17 00:00:00,132373208.74072967
769,2020-12-18 00:00:00,131791042.04281811
770,2020-12-19 00:00:00,133832920.56666496
771,2020-12-20 00:00:00,136823648.10098034
772,2020-12-21 00:00:00,135635056.095611
773,2020-12-22 00:00:00,134441785.8073798
774,2020-12-23 00:00:00,134839542.57012355
775,2020-12-24 00:00:00,136297984.0335172
776,2020-12-25 00:00:00,135900227.2707735
777,2020-12-26 00:00:00,134176614.63221736
778,2020-12-27 00:00:00,131392317.29301126
779,2020-12-28 00:00:00,130994560.53026752
780,2020-12-29 00:00:00,134096925.47590554
781,2020-12-30 00:00:00,135214014.93546128
782,2020-12-31 00:00:00,137514350.89000145
783,2021-01-01 00:00:00,142734576.90930292
784,2021-01-02 00:00:00,143322827.58752072
785,2021-01-03 00:00:00,145103346.174645
786,2021-01-04 00:00:00,146350014.08380795
787,2021-01-05 00:00:00,148066610.06709138
788,2021-01-06 00:00:00,148727032.0566859
789,2021-01-07 00:00:00,149387454.0462804
790,2021-01-08 00:00:00,149651622.84211823
791,2021-01-09 00:00:00,149519538.44419932
792,2021-01-10 00:00:00,148690226.43303117
793,2021-01-11 00:00:00,151089413.12252626
794,2021-01-12 00:00:00,150775619.3287509
795,2021-01-13 00:00:00,151697118.4842938
796,2021-01-14 00:00:00,150562301.2930481
797,2021-01-15 00:00:00,149884529.1685857
798,2021-01-16 00:00:00,153019188.22568032
799,2021-01-17 00:00:00,155416162.8770074
800,2021-01-18 00:00:00,151611247.40167573
801,2021-01-19 00:00:00,150294161.27559942
802,2021-01-20 00:00:00,150440504.17849678
803,2021-01-21 00:00:00,148830732.2466257
804,2021-01-22 00:00:00,146196559.994473
805,2021-01-23 00:00:00,144294102.25680718
806,2021-01-24 00:00:00,145607574.2783185
807,2021-01-25 00:00:00,146698957.5340704
808,2021-01-26 00:00:00,146182103.57621285
809,2021-01-27 00:00:00,148185308.05110505
810,2021-01-28 00:00:00,148549580.94715503
811,2021-01-29 00:00:00,151113601.54145044
812,2021-01-30 00:00:00,152810307.74619314
813,2021-01-31 00:00:00,150095785.47639352
814,2021-02-01 00:00:00,150835173.58218858
815,2021-02-02 00:00:00,147877621.1590084
816,2021-02-03 00:00:00,146546722.56857732
817,2021-02-04 00:00:00,147729743.5378494
818,2021-02-05 00:00:00,149947907.85523453
819,2021-02-06 00:00:00,152461827.41493767
820,2021-02-07 00:00:00,156496366.0091922
821,2021-02-08 00:00:00,158947631.13423166
822,2021-02-09 00:00:00,165861253.11216184
823,2021-02-10 00:00:00,165150693.72026786
824,2021-02-11 00:00:00,164735889.5706919
825,2021-02-12 00:00:00,160711290.00435206
826,2021-02-13 00:00:00,157334595.3952425
827,2021-02-14 00:00:00,157086558.55281195
828,2021-02-15 00:00:00,156021048.95022506
829,2021-02-16 00:00:00,154346676.71758848
830,2021-02-17 00:00:00,150997932.25231537
831,2021-02-18 00:00:00,150236853.96475333
832,2021-02-19 00:00:00,151454579.22485262
833,2021-02-20 00:00:00,153151584.74440545
834,2021-02-21 00:00:00,151777617.95629352
835,2021-02-22 00:00:00,150850010.28302965
836,2021-02-23 00:00:00,148383785.4623389
837,2021-02-24 00:00:00,149558390.99271905
838,2021-02-25 00:00:00,153082073.67499632
839,2021-02-26 00:00:00,156295152.32763526
840,2021-02-27 00:00:00,154427502.27930498
841,2021-02-28 00:00:00,156124507.79885778
842,2021-03-01 00:00:00,154581775.50835523
843,2021-03-02 00:00:00,154118955.82120448
844,2021-03-03 00:00:00,156587327.48600858
845,2021-03-04 00:00:00,155507414.88265678
846,2021-03-05 00:00:00,151187764.46924964
847,2021-03-06 00:00:00,152730496.75975218
848,2021-03-07 00:00:00,151688789.94012293
849,2021-03-08 00:00:00,153716875.77834648
850,2021-03-09 00:00:00,157270062.99352616
851,2021-03-10 00:00:00,156532984.65120932
852,2021-03-11 00:00:00,155778275.39534613
853,2021-03-12 00:00:00,156136781.5795335
854,2021-03-13 00:00:00,155997206.24947724
855,2021-03-14 00:00:00,154598952.23605472
856,2021-03-15 01:00:00,156274408.86127305
857,2021-03-16 01:00:00,155208209.19067955
858,2021-03-17 01:00:00,156579037.33858544
859,2021-03-18 01:00:00,154598952.2360547
860,2021-03-19 01:00:00,157645237.00917894
861,2021-03-20 01:00:00,157420617.6912914
862,2021-03-21 01:00:00,159552422.85545158
863,2021-03-22 01:00:00,159862383.76013908
864,2021-03-23 01:00:00,160766785.10844684
865,2021-03-24 01:00:00,163071647.62666968
866,2021-03-25 01:00:00,165959097.37970906
867,2021-03-26 01:00:00,166720074.39596337
868,2021-03-27 01:00:00,165215303.4719892
869,2021-03-28 01:00:00,165991691.17627487
870,2021-03-29 01:00:00,166457523.79884627
871,2021-03-30 01:00:00,166457523.79884627
872,2021-03-31 01:00:00,164128360.6859893
873,2021-04-01 01:00:00,164904748.39027494
874,2021-04-02 01:00:00,163507250.52256075
875,2021-04-03 01:00:00,165320614.44934323
876,2021-04-04 01:00:00,162156064.84321755
877,2021-04-05 01:00:00,161456161.73214817
878,2021-04-06 01:00:00,163641576.61130673
879,2021-04-07 01:00:00,164631661.9987059
880,2021-04-08 01:00:00,166049721.39905876
881,2021-04-09 01:00:00,165551986.66394418
882,2021-04-10 01:00:00,167595961.66382885
883,2021-04-11 01:00:00,171868015.5885931
884,2021-04-12 01:00:00,171703705.82225603
885,2021-04-13 01:00:00,169731988.62621096
886,2021-04-14 01:00:00,169403369.0935368
887,2021-04-15 01:00:00,165788554.23412085
888,2021-04-16 01:00:00,172130189.21775606
889,2021-04-17 01:00:00,164404171.24372485
890,2021-04-18 01:00:00,153847004.45635313
891,2021-04-19 01:00:00,150787954.8145779
892,2021-04-20 01:00:00,143371614.98041585
893,2021-04-21 01:00:00,141475361.29820356
894,2021-04-22 01:00:00,136207676.021627
895,2021-04-23 01:00:00,131796265.46354504
896,2021-04-24 01:00:00,137155198.74795857
897,2021-04-25 01:00:00,146198398.6654064
898,2021-04-26 01:00:00,149045331.97275108
899,2021-04-27 01:00:00,151892265.2800958
900,2021-04-28 01:00:00,154236798.5920267
901,2021-04-29 01:00:00,161102931.86268154
902,2021-04-30 01:00:00,157586131.89478514
903,2021-05-01 01:00:00,159260798.54616436
904,2021-05-02 01:00:00,157685930.67036393
905,2021-05-03 01:00:00,161148443.24309963
906,2021-05-04 01:00:00,167961731.4564108
907,2021-05-05 01:00:00,170671365.20493433
908,2021-05-06 01:00:00,169868525.99901253
909,2021-05-07 01:00:00,174317609.61284044
910,2021-05-08 01:00:00,175207666.00803325
911,2021-05-09 01:00:00,177526237.2392579
912,2021-05-10 01:00:00,177672590.27902648
913,2021-05-11 01:00:00,178111649.39833212
914,2021-05-12 01:00:00,176794472.0404151
915,2021-05-13 01:00:00,178989767.63694343
916,2021-05-14 01:00:00,180666398.1982892
917,2021-05-15 01:00:00,179327827.5416231
918,2021-05-16 01:00:00,176179075.04398838
919,2021-05-17 01:00:00,172435828.21588302
920,2021-05-18 01:00:00,167614164.7456518
921,2021-05-19 01:00:00,160228122.6394345
922,2021-05-20 01:00:00,157288750.71671072
923,2021-05-21 01:00:00,150653185.81676164
924,2021-05-22 01:00:00,146384382.44060782
925,2021-05-23 01:00:00,145139314.78922963
926,2021-05-24 01:00:00,142827046.293813
927,2021-05-25 01:00:00,143716380.33051172
928,2021-05-26 01:00:00,147807316.8993258
929,2021-05-27 01:00:00,147273716.47730657
930,2021-05-28 01:00:00,148163050.51400527
931,2021-05-29 01:00:00,149763851.78006297
932,2021-05-30 01:00:00,149763851.78006297
933,2021-05-31 01:00:00,150291730.25568312
934,2021-06-01 01:00:00,148955749.53382164
935,2021-06-02 01:00:00,148302838.99995774
936,2021-06-03 01:00:00,151415069.6569138
937,2021-06-04 01:00:00,152576708.79698002
938,2021-06-05 01:00:00,150991098.06671333
939,2021-06-06 01:00:00,149939087.7584659
940,2021-06-07 01:00:00,150665524.10616753
941,2021-06-08 01:00:00,149469765.97834077
942,2021-06-09 01:00:00,150516054.3401892
943,2021-06-10 01:00:00,144537263.70105553
944,2021-06-11 01:00:00,140202640.48768362
945,2021-06-12 01:00:00,136316426.57224676
946,2021-06-13 01:00:00,136465896.3382251
947,2021-06-14 01:00:00,133577497.88842894
948,2021-06-15 01:00:00,132807547.0445812
949,2021-06-16 01:00:00,129079871.70711638
950,2021-06-17 01:00:00,127657584.5112262
951,2021-06-18 01:00:00,128421919.85959908
952,2021-06-19 01:00:00,130280049.80874498
953,2021-06-20 01:00:00,125129902.82716677
954,2021-06-21 01:00:00,120460802.62675633
955,2021-06-22 01:00:00,116214240.84202927
956,2021-06-23 01:00:00,110552158.46239324
957,2021-06-24 01:00:00,107438013.15359342
958,2021-06-25 01:00:00,103899211.66632088
959,2021-06-26 01:00:00,101917482.83344828
960,2021-06-27 01:00:00,99935754.00057565
961,2021-06-28 01:00:00,93424359.26399422
962,2021-06-29 01:00:00,90876422.19315802
963,2021-06-30 01:00:00,90734870.13366713
964,2021-07-01 01:00:00,89036245.41977632
965,2021-07-02 01:00:00,87620724.82486732
966,2021-07-03 01:00:00,84789683.63504931
967,2021-07-04 01:00:00,86292418.3706843
968,2021-07-05 01:00:00,89670680.58608074
969,2021-07-06 01:00:00,90819460.5560025
970,2021-07-07 01:00:00,92563569.88878718
971,2021-07-08 01:00:00,92511258.75252508
972,2021-07-09 01:00:00,93241612.12545456
973,2021-07-10 01:00:00,93863737.36277008
974,2021-07-11 01:00:00,96184636.54794832
975,2021-07-12 01:00:00,97204622.08928394
976,2021-07-13 01:00:00,96592630.76448256
977,2021-07-14 01:00:00,95980639.4396812
978,2021-07-15 01:00:00,100774571.48395856
979,2021-07-16 01:00:00,99652587.38848938
980,2021-07-17 01:00:00,101590559.91702704
981,2021-07-18 01:00:00,99739876.71501002
982,2021-07-19 01:00:00,100971806.31812742
983,2021-07-20 01:00:00,104626219.80193856
984,2021-07-21 01:00:00,102600064.78780988
985,2021-07-22 01:00:00,99339154.93317965
986,2021-07-23 01:00:00,101138948.17825966
987,2021-07-24 01:00:00,98947054.62367477
988,2021-07-25 01:00:00,99328674.26262689
989,2021-07-26 01:00:00,100202533.56699017
990,2021-07-27 01:00:00,98260624.0017384
991,2021-07-28 01:00:00,102921206.95834264
992,2021-07-29 01:00:00,104086352.69749369
993,2021-07-30 01:00:00,104766021.0453318
994,2021-07-31 01:00:00,107775980.871472
995,2021-08-01 01:00:00,108889828.95130344
996,2021-08-02 01:00:00,109887906.60443932
997,2021-08-03 01:00:00,110044864.56184068
998,2021-08-04 01:00:00,110936509.2624975
999,2021-08-05 01:00:00,109693176.78900112
1000,2021-08-06 01:00:00,110629262.16549283
1001,2021-08-07 01:00:00,110879828.6605434
1002,2021-08-08 01:00:00,112005260.90983884
1003,2021-08-09 01:00:00,112417044.95730148
1004,2021-08-10 01:00:00,113343559.0640924
1005,2021-08-11 01:00:00,112931775.0166298
1006,2021-08-12 01:00:00,114064181.14715204
1007,2021-08-13 01:00:00,113137667.04036112
1008,2021-08-14 01:00:00,112222868.24342497
1009,2021-08-15 01:00:00,113148142.62570126
1010,2021-08-16 01:00:00,116988410.69128773
1011,2021-08-17 01:00:00,119126461.98879574
1012,2021-08-18 01:00:00,121141397.09547856
1013,2021-08-19 01:00:00,120921930.17512046
1014,2021-08-20 01:00:00,122389629.87140332
1015,2021-08-21 01:00:00,124611386.79520345
1016,2021-08-22 01:00:00,125274213.32070984
1017,2021-08-23 01:00:00,123285733.74419063
1018,2021-08-24 01:00:00,127262692.89722906
1019,2021-08-25 01:00:00,125274213.32070984
1020,2021-08-26 01:00:00,129030251.818921
1021,2021-08-27 01:00:00,130281220.63377182
1022,2021-08-28 01:00:00,130869362.92311624
1023,2021-08-29 01:00:00,129727331.44953278
1024,2021-08-30 01:00:00,131124515.1627073
1025,2021-08-31 01:00:00,126249208.85984442
1026,2021-09-01 01:00:00,127249992.51986168
1027,2021-09-02 01:00:00,125718040.303854
1028,2021-09-03 01:00:00,126093318.03610432
1029,2021-09-04 01:00:00,126343503.19093786
1030,2021-09-05 01:00:00,128094799.27477264
1031,2021-09-06 01:00:00,129095539.8941068
1032,2021-09-07 01:00:00,133723965.2585273
1033,2021-09-08 01:00:00,134849798.45527822
1034,2021-09-09 01:00:00,136270748.73194423
1035,2021-09-10 01:00:00,135548079.03417698
1036,2021-09-11 01:00:00,134819727.28362697
1037,2021-09-12 01:00:00,134785023.05355358
1038,2021-09-13 01:00:00,133493710.99652976
1039,2021-09-14 01:00:00,132770953.88256578
1040,2021-09-15 01:00:00,135601927.41131595
1041,2021-09-16 01:00:00,135613291.5168814
1042,2021-09-17 01:00:00,135482516.8866819
1043,2021-09-18 01:00:00,136921037.81887642
1044,2021-09-19 01:00:00,137836460.23027292
1045,2021-09-20 01:00:00,139536530.42286643
1046,2021-09-21 01:00:00,140190403.57386392
1047,2021-09-22 01:00:00,134495823.90656477
1048,2021-09-23 01:00:00,134003916.9668144
1049,2021-09-24 01:00:00,138478902.6366636
1050,2021-09-25 01:00:00,139221878.27487168
1051,2021-09-26 01:00:00,138379012.3774964
1052,2021-09-27 01:00:00,136207717.71163929
1053,2021-09-28 01:00:00,135671902.50093386
1054,2021-09-29 01:00:00,139902835.06623906
1055,2021-09-30 01:00:00,139363190.57225162
1056,2021-10-01 01:00:00,140172657.31323275
1057,2021-10-02 01:00:00,139093368.32525793
1058,2021-10-03 01:00:00,145029457.75911957
1059,2021-10-04 01:00:00,146513480.11758497
1060,2021-10-05 01:00:00,146661108.6035507
1061,2021-10-06 01:00:00,149322865.8079602
1062,2021-10-07 01:00:00,150290764.173168
1063,2021-10-08 01:00:00,147140004.5223176
1064,2021-10-09 01:00:00,145204823.8005126
1065,2021-10-10 01:00:00,141032003.29279727
1066,2021-10-11 01:00:00,143257233.72054404
1067,2021-10-12 01:00:00,142823772.58333406
1068,2021-10-13 01:00:00,138585678.44139537
1069,2021-10-14 01:00:00,143953931.02118438
1070,2021-10-15 01:00:00,143388851.80225924
1071,2021-10-16 01:00:00,146355517.70161635
1072,2021-10-17 01:00:00,143953931.02118438
1073,2021-10-18 01:00:00,144095200.82591566
1074,2021-10-19 01:00:00,144403297.8098649
1075,2021-10-20 01:00:00,147578458.080034
1076,2021-10-21 01:00:00,144953485.6063823
1077,2021-10-22 01:00:00,146706531.95442763
1078,2021-10-23 01:00:00,149320648.3805905
1079,2021-10-24 01:00:00,151210929.15844816
1080,2021-10-25 01:00:00,150427844.64619517
1081,2021-10-26 01:00:00,155450273.37765488
1082,2021-10-27 01:00:00,154737198.72913355
1083,2021-10-28 01:00:00,155878118.1667677
1084,2021-10-29 01:00:00,156591192.81528905
1085,2021-10-30 01:00:00,158445186.90144458
1086,2021-10-31 01:00:00,159871336.19848728
1087,2021-11-01 01:00:00,158076294.68936905
1088,2021-11-02 01:00:00,154884719.9126323
1089,2021-11-03 01:00:00,157794954.1316647
1090,2021-11-04 01:00:00,160168323.21633694
1091,2021-11-05 01:00:00,160343515.7784078
1092,2021-11-06 01:00:00,159797397.10008076
1093,2021-11-07 01:00:00,161379304.1724988
