word1,word2,sim
old,new,0.06513352692127228
smart,intelligent,0.8831761479377747
hard,difficult,0.6928862929344177
happy,cheerful,0.8236485719680786
hard,easy,0.829960823059082
fast,rapid,0.779925525188446
happy,glad,0.9203978180885315
short,long,0.8107094168663025
stupid,dumb,0.9074869751930237
weird,strange,0.940754234790802
wide,narrow,0.5937220454216003
bad,awful,0.9351202249526978
easy,difficult,0.9254642724990845
bad,terrible,0.9327795505523682
hard,simple,0.6273009181022644
smart,dumb,0.9116657972335815
insane,crazy,0.8592659831047058
happy,mad,0.8290459513664246
large,huge,0.8311575055122375
hard,tough,0.8018500804901123
new,fresh,0.9171867966651917
sharp,dull,0.869143009185791
quick,rapid,0.8917437791824341
dumb,foolish,0.8828821778297424
wonderful,terrific,0.9351775646209717
strange,odd,0.8711926937103271
happy,angry,0.8871854543685913
narrow,broad,0.6331009268760681
simple,easy,0.7248069047927856
old,fresh,0.14268068969249725
apparent,obvious,0.8171737790107727
inexpensive,cheap,0.9369639158248901
nice,generous,0.6751933693885803
weird,normal,0.6631072759628296
weird,odd,0.905302107334137
bad,immoral,0.8312966823577881
sad,funny,0.9528332352638245
wonderful,great,0.7981866598129272
guilty,ashamed,0.8085532188415527
beautiful,wonderful,0.8905259370803833
confident,sure,0.936638593673706
dumb,dense,0.9286231994628906
large,big,0.5251649618148804
nice,cruel,0.8534023761749268
impatient,anxious,0.7396778464317322
big,broad,0.7358076572418213
strong,proud,0.8557959794998169
unnecessary,necessary,0.9181699156761169
restless,young,0.5965345501899719
dumb,intelligent,0.8407348394393921
bad,great,0.7605655789375305
difficult,simple,0.7341150045394897
necessary,important,0.7562132477760315
bad,terrific,0.9039864540100098
mad,glad,0.7734066843986511
honest,guilty,0.8400033712387085
easy,tough,0.8790863752365112
easy,flexible,0.7803457379341125
certain,sure,0.13012173771858215
essential,necessary,0.8891476988792419
different,normal,0.561973512172699
sly,clever,0.8240835070610046
crucial,important,0.6831291317939758
harsh,cruel,0.8973495364189148
childish,foolish,0.8078803420066833
scarce,rare,0.8106223344802856
friendly,generous,0.19180890917778015
fragile,frigid,0.943538248538971
long,narrow,0.4204087257385254
big,heavy,0.7827296257019043
rough,frigid,0.9342634081840515
bizarre,strange,0.8222372531890869
illegal,immoral,0.8231916427612305
bad,guilty,0.8215827941894531
modern,ancient,0.9290093183517456
new,ancient,0.3859556019306183
dull,funny,0.9118247032165527
happy,young,0.5065321326255798
easy,big,0.6318385004997253
great,awful,0.7665501832962036
tiny,huge,0.644564688205719
polite,proper,-0.7488642930984497
modest,ashamed,0.9347634315490723
exotic,rare,0.8818521499633789
dumb,clever,0.9152823686599731
delightful,wonderful,0.9310770630836487
noticeable,obvious,0.6389903426170349
afraid,anxious,0.9411229491233826
formal,proper,0.8389680981636047
dreary,dull,0.8706616163253784
delightful,cheerful,0.924045741558075
unhappy,mad,0.7244780659675598
sad,terrible,0.9531360268592834
sick,crazy,0.7691229581832886
violent,angry,0.9420229196548462
laden,heavy,0.9385474920272827
dirty,cheap,0.9346671104431152
elastic,flexible,0.9455949664115906
hard,dense,0.7302373647689819
recent,new,0.2576528787612915
bold,proud,0.5114213824272156
sly,strange,0.7949177622795105
strange,sly,0.7949177622795105
dumb,rare,0.8670451045036316
sly,tough,0.8486315608024597
terrific,mad,0.934237003326416
modest,flexible,0.9097511768341064
fresh,wide,0.6037666201591492
huge,dumb,0.9145228266716003
large,flexible,0.780754804611206
dirty,narrow,0.7330823540687561
wife,husband,0.9008516073226929
book,text,0.758481502532959
groom,bride,0.9288734197616577
night,day,-0.0829450786113739
south,north,0.8806005716323853
plane,airport,0.8099781274795532
uncle,aunt,0.9412020444869995
horse,mare,0.7883684635162354
bottom,top,0.830683171749115
friend,buddy,0.9295356273651123
student,pupil,0.8098258376121521
world,globe,0.3964225649833679
leg,arm,0.666199266910553
plane,jet,0.9068664312362671
woman,man,0.8123847842216492
horse,colt,0.7665219902992249
actress,actor,0.9602651000022888
teacher,instructor,0.9718098044395447
movie,film,0.8585420250892639
bird,hawk,-0.13042937219142914
word,dictionary,0.8755667805671692
money,salary,0.7479813098907471
dog,cat,0.8961964845657349
area,region,0.8236986398696899
navy,army,0.9325761198997498
book,literature,0.596080482006073
clothes,closet,0.8660294413566589
sunset,sunrise,0.9571020603179932
child,adult,0.6991987824440002
cow,cattle,0.9472313523292542
book,story,0.8942782878875732
winter,summer,0.887995719909668
taxi,cab,0.9436914920806885
tree,maple,0.6417800784111023
bed,bedroom,0.8890467286109924
roof,ceiling,0.9063975811004639
disease,infection,0.7758727669715881
arm,shoulder,0.7896209359169006
sheep,lamb,0.7391728162765503
lady,gentleman,0.753211259841919
boat,anchor,0.7516912817955017
priest,monk,0.806460440158844
toe,finger,0.894827127456665
river,stream,0.6089206337928772
anger,fury,0.8821527361869812
date,calendar,0.5417785048484802
sea,ocean,0.8054628968238831
second,minute,0.47958052158355713
hand,thumb,0.5054560303688049
wood,log,0.5664324164390564
mud,dirt,0.9518206715583801
hallway,corridor,0.9233777523040771
way,manner,0.910682737827301
mouse,cat,0.8906936049461365
cop,sheriff,0.6427266001701355
death,burial,0.6669366359710693
music,melody,0.4440048635005951
beer,alcohol,0.8783378601074219
mouth,lip,0.9082252383232117
storm,hurricane,0.94541996717453
tax,income,0.7629700303077698
flower,violet,0.8050657510757446
paper,cardboard,0.7759214639663696
floor,ceiling,0.7895209789276123
beach,seashore,0.7367167472839355
rod,curtain,0.9067111611366272
hound,fox,0.7952700853347778
street,alley,0.5568827986717224
boat,deck,0.9105036854743958
car,horn,0.5569199323654175
friend,guest,0.3248109519481659
employer,employee,0.8339742422103882
hand,wrist,0.8126978874206543
ball,cannon,0.43999308347702026
alcohol,brandy,0.850067675113678
victory,triumph,0.9826462268829346
telephone,booth,0.7384265661239624
door,doorway,0.9534043073654175
motel,inn,0.7840054035186768
clothes,cloth,0.8956568241119385
steak,meat,0.8634156584739685
nail,thumb,0.7498919367790222
band,orchestra,0.6484674215316772
book,bible,0.5772049427032471
business,industry,0.8405842781066895
winter,season,0.7031554579734802
decade,century,0.5999299883842468
alcohol,gin,0.776731550693512
hat,coat,0.8302904963493347
window,door,0.944718062877655
arm,wrist,0.8534700870513916
house,apartment,0.6490963101387024
glass,crystal,0.5741622447967529
wine,brandy,0.938564121723175
creator,maker,0.8921906352043152
dinner,breakfast,0.8322674036026001
arm,muscle,0.880412220954895
bread,flour,0.9327262043952942
death,tragedy,0.4040682911872864
absence,presence,0.6817061901092529
gun,cannon,0.6761245727539062
grass,blade,0.544918417930603
ball,basket,0.8488799333572388
hose,garden,0.7719047665596008
boy,kid,0.36839547753334045
church,choir,0.7066140174865723
clothes,drawer,0.8173232078552246
tower,bell,0.7820578813552856
father,parent,0.409745454788208
school,grade,0.621666431427002
parent,adult,0.6695221662521362
bar,jail,0.6082264184951782
car,highway,0.7049413919448853
dictionary,definition,0.9327456951141357
door,cellar,0.871227502822876
army,legion,0.0941571518778801
metal,aluminum,0.9532502293586731
chair,bench,0.19854512810707092
cloud,fog,0.7855691909790039
boy,son,0.9838444590568542
water,ice,0.6920982599258423
bed,blanket,0.8832762837409973
attorney,lawyer,0.9379260540008545
area,zone,0.5746257901191711
business,company,0.7158847451210022
clothes,fabric,0.8379356265068054
sweater,jacket,0.8235284090042114
money,capital,0.4969794452190399
hand,foot,0.6493525505065918
alcohol,cocktail,0.8406557440757751
yard,inch,0.1265648603439331
molecule,atom,0.9810238480567932
lens,camera,0.7379939556121826
meal,dinner,0.9292811155319214
eye,tear,0.888721764087677
god,devil,0.8314288258552551
loop,belt,0.9240893721580505
rat,mouse,0.8535189032554626
motor,engine,0.7633539438247681
car,cab,0.7224777340888977
cat,lion,0.9208399057388306
size,magnitude,0.7833930850028992
reality,fantasy,0.8880128264427185
door,gate,0.7748019099235535
cat,pet,0.9064887762069702
tin,aluminum,0.9537712335586548
bone,jaw,0.9133173227310181
cereal,wheat,0.9583732485771179
house,key,0.07054322212934494
blood,flesh,0.9304312467575073
door,corridor,0.8302375078201294
god,spirit,0.8322309851646423
capability,competence,0.9580591917037964
abundance,plenty,-0.0549863800406456
sofa,chair,0.5566349029541016
wall,brick,0.9033638834953308
horn,drum,0.823128342628479
organ,liver,0.8667212724685669
strength,might,-0.222929909825325
phrase,word,0.9621884226799011
band,parade,0.7121562957763672
stomach,waist,0.8746954798698425
cloud,storm,0.6980574727058411
joy,pride,0.747263491153717
noise,rattle,0.8788381814956665
rain,mist,0.8618659973144531
beer,beverage,0.9313989281654358
man,uncle,0.41059359908103943
apple,juice,0.8730415105819702
intelligence,logic,0.8632395267486572
communication,language,0.8997684717178345
mink,fur,0.8918964266777039
mob,crowd,0.7968305349349976
shore,coast,0.8232182264328003
wire,cord,0.8968935012817383
bird,turkey,0.48126617074012756
bed,crib,0.8624720573425293
competence,ability,0.8076687455177307
cloud,haze,0.7887517213821411
supper,meal,0.950684666633606
bar,cage,0.4814632534980774
water,salt,0.8116884827613831
sense,intuition,0.73475182056427
situation,condition,0.9480000138282776
crime,theft,0.8509636521339417
style,fashion,0.6545177698135376
boundary,border,0.8823700547218323
arm,body,0.6820695996284485
boat,car,0.8295844197273254
sandwich,lunch,0.9195899367332458
bride,princess,0.8222358822822571
heroine,hero,0.9370808005332947
car,gauge,0.8015612959861755
insect,bee,0.933398962020874
crib,cradle,0.9197090268135071
animal,person,0.7211600542068481
marijuana,herb,0.8652713894844055
bed,hospital,0.5950143933296204
cheek,tongue,0.8959389925003052
disc,computer,0.7257563471794128
curve,angle,0.9323838949203491
grass,moss,0.7121981382369995
school,law,0.7266067266464233
foot,head,0.3123531937599182
mother,guardian,0.5338115096092224
orthodontist,dentist,0.8895628452301025
alcohol,whiskey,0.8728480339050293
mouth,tooth,0.9243056774139404
breakfast,bacon,0.5179042816162109
bathroom,bedroom,0.8192536234855652
plate,bowl,0.7228997945785522
meat,bacon,0.6774548292160034
air,helium,0.5167970061302185
worker,employer,0.8639983534812927
body,chest,0.7984530329704285
son,father,0.7911015748977661
heart,surgery,0.6087046265602112
woman,secretary,0.4681586027145386
man,father,0.2759978771209717
beach,island,0.6742478013038635
story,topic,0.8326284289360046
game,fun,0.43620580434799194
weekend,week,-0.015379244461655617
couple,pair,0.5070645213127136
woman,wife,0.47719910740852356
sheep,cattle,0.9546791911125183
purse,bag,0.8580811023712158
ceiling,cathedral,0.6671576499938965
bean,coffee,0.8005391359329224
wood,paper,0.5246082544326782
top,side,0.6402145624160767
crime,fraud,0.8770114779472351
pain,harm,0.7323434948921204
lover,companion,0.8564851880073547
evening,dusk,0.7883833646774292
father,daughter,0.7997608184814453
wine,liquor,0.9234686493873596
cow,goat,0.95161372423172
belief,opinion,0.959281861782074
reality,illusion,0.9138785004615784
pact,agreement,0.7814744114875793
wealth,poverty,0.8955614566802979
accident,emergency,0.6321438550949097
battle,conquest,0.6948695182800293
friend,teacher,0.7176845669746399
illness,infection,0.7947118878364563
game,trick,0.442577987909317
brother,son,0.8809487819671631
aunt,nephew,0.8804334998130798
worker,mechanic,0.9536206722259521
doctor,orthodontist,0.7018354535102844
oak,maple,0.5790230631828308
bee,queen,0.7805007696151733
car,bicycle,0.8903680443763733
goal,quest,0.29584312438964844
august,month,0.3386089503765106
army,squad,0.32522404193878174
cloud,weather,0.6885430216789246
physician,doctor,0.8715826272964478
canyon,valley,0.8655613660812378
river,valley,0.7491158843040466
sun,sky,0.8255833983421326
target,arrow,0.9026788473129272
chocolate,pie,0.923220157623291
circumstance,situation,0.8700622320175171
opinion,choice,0.6384944319725037
rhythm,melody,0.9242010116577148
gut,nerve,0.8931494951248169
day,dawn,0.11403468996286392
cattle,beef,0.9512684345245361
doctor,professor,0.8000420928001404
arm,vein,0.8080852627754211
room,bath,0.5394604206085205
corporation,business,0.7627306580543518
fun,football,0.19838304817676544
hill,cliff,0.788774311542511
bone,ankle,0.6953447461128235
apple,candy,0.8645682334899902
helper,maid,0.44945040345191956
leader,manager,0.7056267857551575
lemon,tea,0.7081568241119385
bee,ant,0.808682918548584
basketball,baseball,0.9312219023704529
rice,bean,0.8472815752029419
bed,furniture,0.8292033672332764
emotion,passion,0.8914178609848022
anarchy,chaos,0.9340512156486511
crime,violation,0.8090420365333557
machine,engine,0.867285966873169
beach,sea,0.6022174954414368
alley,bowl,0.5667321085929871
jar,bottle,0.8756190538406372
strength,capability,0.9227078557014465
seed,mustard,0.612932026386261
guitar,drum,0.6750636696815491
opinion,idea,0.8947166204452515
north,west,0.9218361973762512
diet,salad,0.9043897986412048
mother,wife,0.8769277334213257
dad,mother,0.5770710110664368
captain,sailor,0.4789987802505493
meter,yard,0.9029015898704529
beer,champagne,0.8961657285690308
motor,boat,0.8542386889457703
card,bridge,0.6603185534477234
science,psychology,0.9063844084739685
sinner,saint,0.5333632826805115
destruction,construction,0.8382080793380737
crowd,bunch,0.8714671730995178
beach,reef,0.6051816940307617
man,child,0.558178186416626
bread,cheese,0.9414086937904358
champion,winner,0.6904627084732056
celebration,ceremony,0.7604683637619019
menu,order,0.7621040940284729
king,princess,0.7910956144332886
wealth,prestige,0.9194257259368896
endurance,strength,0.6677169799804688
danger,threat,0.8436489105224609
god,priest,0.410851389169693
men,fraternity,0.36585190892219543
buddy,companion,0.760071873664856
teacher,helper,0.6608136892318726
body,stomach,0.8682239055633545
tongue,throat,0.8890113830566406
house,carpet,0.2948659062385559
intelligence,skill,0.743755042552948
journey,conquest,0.7642355561256409
god,prey,0.8750386238098145
brother,soul,0.3133339285850525
adversary,opponent,0.9829087257385254
death,catastrophe,0.3434121310710907
monster,demon,0.8729341626167297
day,morning,0.0493084080517292
man,victor,0.35955262184143066
friend,guy,0.7473294138908386
song,story,0.8110429048538208
ray,sunshine,0.8259410262107849
guy,stud,0.8614600896835327
chicken,rice,0.809243381023407
box,elevator,0.8877459764480591
butter,potato,0.9629964828491211
apartment,furniture,0.7372549772262573
lake,swamp,0.5687154531478882
salad,vinegar,0.9595586061477661
flower,bulb,0.929015040397644
cloud,mist,0.7915750741958618
driver,pilot,0.7178567051887512
sugar,honey,0.8890578746795654
body,shoulder,0.5589225888252258
idea,image,0.7781740427017212
father,brother,0.8946298360824585
moon,planet,0.9049932360649109
ball,costume,0.5243932008743286
rail,fence,0.9186778664588928
room,bed,0.9070660471916199
flower,bush,0.7584195137023926
bone,knee,0.7165420651435852
arm,knee,0.8052414655685425
bottom,side,0.7110379934310913
vessel,vein,0.9159134030342102
cat,rabbit,0.9555477499961853
meat,sandwich,0.8711263537406921
belief,concept,0.915228545665741
intelligence,insight,0.7662473320960999
attention,interest,0.8142062425613403
attitude,confidence,0.9623275399208069
right,justice,0.22709424793720245
argument,agreement,0.8362270593643188
depth,magnitude,0.7268671989440918
medium,news,0.6859096884727478
winner,candidate,0.4081677794456482
birthday,date,0.49818533658981323
fee,payment,0.7466980814933777
bible,hymn,0.8624547719955444
exit,doorway,0.8168442845344543
man,sentry,0.5900747776031494
aisle,hall,0.7763386368751526
whiskey,gin,0.8398274779319763
blood,marrow,0.8603053689002991
oil,mink,0.7000709772109985
floor,deck,0.8491767048835754
roof,floor,0.8845447897911072
door,floor,0.8052531480789185
shoulder,head,0.14149299263954163
wagon,carriage,0.37016165256500244
car,carriage,0.4188280701637268
elbow,ankle,0.95628422498703
wealth,fame,0.8856859803199768
sorrow,shame,0.9474292993545532
administration,management,0.8430489897727966
communication,conversation,0.7014374136924744
pollution,atmosphere,0.9283353090286255
anatomy,biology,0.8892969489097595
college,profession,0.362534761428833
book,topic,0.6938729882240295
formula,equation,0.6211140751838684
book,information,0.569926381111145
boy,partner,0.58382248878479
sky,universe,0.8461939692497253
population,people,0.8106852769851685
college,class,0.37943604588508606
chief,mayor,0.871819257736206
rabbi,minister,0.7490423321723938
meter,inch,0.20278970897197723
polyester,cotton,0.8068100214004517
lawyer,banker,0.9026135802268982
violin,instrument,0.7903014421463013
camp,cabin,0.834437370300293
pot,appliance,0.8813068866729736
linen,fabric,0.9483409523963928
whiskey,champagne,0.9090380668640137
girl,child,0.8578832745552063
cottage,cabin,0.9169374704360962
bird,hen,0.9345532059669495
racket,noise,0.8199796080589294
sunset,evening,0.7678707838058472
adult,baby,0.7114261984825134
charcoal,coal,0.8723559379577637
body,spine,0.8039542436599731
head,nail,0.4463752508163452
log,timber,0.7916867136955261
spoon,cup,0.4185076951980591
body,nerve,0.7779646515846252
man,husband,0.3225450813770294
bone,neck,0.8765080571174622
frustration,anger,0.9168506264686584
river,sea,0.7733830213546753
task,job,0.7007076144218445
club,society,0.11163964122533798
reflection,image,0.9172053933143616
prince,king,0.873070240020752
snow,weather,0.8132962584495544
people,party,0.49013766646385193
boy,brother,0.8934462666511536
root,grass,0.10884558409452438
brow,eye,0.8601782917976379
money,pearl,0.4312935173511505
money,diamond,0.5717986822128296
vehicle,bus,0.8829648494720459
cab,bus,0.935850203037262
house,barn,0.5857533812522888
finger,palm,0.5271499752998352
car,bridge,0.6520801782608032
effort,difficulty,0.735320508480072
fact,insight,0.7769476771354675
job,management,0.5695067644119263
cancer,sickness,0.7591983079910278
word,newspaper,0.7794630527496338
composer,writer,0.9696447253227234
actor,singer,0.9362820982933044
shelter,hut,0.9184347987174988
bathroom,kitchen,0.7746210098266602
cabin,hut,0.9017224907875061
door,kitchen,0.8514432907104492
value,belief,0.8804608583450317
wisdom,intelligence,0.7569292187690735
ignorance,intelligence,0.7270044684410095
happiness,luck,0.9124979376792908
idea,scheme,0.7319687604904175
mood,emotion,0.9675763249397278
happiness,peace,0.7445230484008789
despair,misery,0.9391809105873108
logic,arithmetic,0.9157300591468811
denial,confession,0.9162603616714478
argument,criticism,0.7896121144294739
aggression,hostility,0.9753687381744385
hysteria,confusion,0.9604131579399109
chemistry,theory,0.7336728572845459
trial,verdict,0.7436298131942749
comfort,safety,0.8154991269111633
confidence,self,0.8053220510482788
vision,perception,0.9155067801475525
era,decade,0.6332055926322937
biography,fiction,0.11871904134750366
discussion,argument,0.8324886560440063
code,symbol,0.9124018549919128
danger,disease,0.7646787762641907
accident,catastrophe,0.6673911213874817
journey,trip,0.8470785617828369
activity,movement,0.8406691551208496
gossip,news,0.7674044966697693
father,god,0.463738352060318
action,course,0.5917453169822693
fever,illness,0.780584990978241
aviation,flight,0.6055207252502441
game,action,0.47355037927627563
molecule,air,0.5006032586097717
home,state,0.09559880197048187
word,literature,0.6741898655891418
adult,guardian,0.748740017414093
newspaper,information,0.8607544898986816
communication,television,0.5156282782554626
cousin,uncle,0.9396798610687256
author,reader,0.6894498467445374
guy,partner,0.7244811058044434
area,corner,0.7186310887336731
ballad,song,0.7678110599517822
wall,decoration,0.8030855655670166
word,page,0.8274374604225159
nurse,scientist,0.8959799408912659
politician,president,0.6943514347076416
president,mayor,0.906887948513031
book,essay,0.7137912511825562
man,warrior,0.6707043647766113
article,journal,0.6305751204490662
breakfast,supper,0.8473978042602539
crowd,parade,0.7002307176589966
aisle,hallway,0.9189062118530273
teacher,rabbi,0.8224552869796753
hip,lip,0.8742797374725342
book,article,0.7423911094665527
room,cell,0.8439909815788269
box,booth,0.7329277992248535
daughter,kid,0.4088677167892456
limb,leg,0.5865795016288757
liver,lung,0.9594445824623108
classroom,hallway,0.917255163192749
mountain,ledge,0.8354123830795288
car,elevator,0.8304080367088318
bed,couch,0.6987351775169373
clothes,button,0.8908364176750183
clothes,coat,0.7408069968223572
kidney,organ,0.8471114039421082
apple,sauce,0.8950610756874084
chicken,steak,0.921816885471344
car,hose,0.7044149041175842
tobacco,cigarette,0.8578401803970337
student,professor,0.8916890621185303
baby,daughter,0.5498743653297424
pipe,cigar,0.9096535444259644
milk,juice,0.891193151473999
box,cigar,0.8250910043716431
apartment,hotel,0.7130787372589111
cup,cone,0.32992520928382874
horse,ox,0.7460718154907227
throat,nose,0.9244980216026306
bone,teeth,0.9257658123970032
bone,elbow,0.7455356121063232
bacon,bean,0.8654243350028992
cup,jar,0.47637292742729187
proof,fact,0.7960740923881531
appointment,engagement,0.730692446231842
birthday,year,-0.09818502515554428
word,clue,0.9086315631866455
author,creator,0.8407472968101501
atom,carbon,0.9281741976737976
archbishop,bishop,0.9435803890228271
letter,paragraph,0.6860349178314209
page,paragraph,0.8051121830940247
steeple,chapel,0.6813807487487793
muscle,bone,0.9045143723487854
muscle,tongue,0.8430662155151367
boy,soldier,0.6019300818443298
belly,abdomen,0.9570032954216003
guy,girl,0.6207396984100342
bed,chair,0.3661974370479584
clothes,jacket,0.9377988576889038
gun,knife,0.8300555944442749
tin,metal,0.9153999090194702
bottle,container,0.9416426420211792
hen,turkey,0.6581705808639526
meat,bread,0.9469332695007324
arm,bone,0.8511176109313965
neck,spine,0.8834115862846375
apple,lemon,0.7547413110733032
agony,grief,0.7353999018669128
assignment,task,0.8297416567802429
night,dawn,0.5528106093406677
dinner,soup,0.9177564978599548
calf,bull,0.8183691501617432
snow,storm,0.804178774356842
nail,hand,0.8058836460113525
dog,horse,0.8570603728294373
arm,neck,0.8395082950592041
ball,glove,0.8931918740272522
flu,fever,0.9191250205039978
fee,salary,0.8361297249794006
nerve,brain,0.9058042168617249
beast,animal,0.7885136604309082
dinner,chicken,0.9051883816719055
girl,maid,0.5580165386199951
child,boy,0.8638299107551575
alcohol,wine,0.8580841422080994
nose,mouth,0.8992376327514648
street,car,0.2372407615184784
bell,door,0.6381314396858215
box,hat,0.930726945400238
belief,impression,0.9405540823936462
bias,opinion,0.8848605155944824
attention,awareness,0.8391165137290955
anger,mood,0.9752910733222961
elegance,style,0.5104559659957886
beauty,age,0.10148534178733826
book,theme,0.8071174025535583
friend,mother,0.8609086275100708
vitamin,iron,0.8652329444885254
car,factory,0.671623945236206
pact,condition,0.8119908571243286
chapter,choice,0.513011634349823
arithmetic,rhythm,0.9102188944816589
winner,presence,0.3981381058692932
belief,flower,0.8266705870628357
winner,goal,0.702334463596344
trick,size,0.8280913233757019
choice,vein,0.6784524321556091
hymn,conquest,0.8734856843948364
endurance,band,0.49574992060661316
jail,choice,0.48975691199302673
condition,boy,0.30858907103538513
flower,endurance,0.6954678893089294
hole,agreement,0.7587369680404663
doctor,temper,0.7230994701385498
fraternity,door,0.6103981733322144
task,woman,0.6704513430595398
fraternity,baseball,0.5697475075721741
cent,size,0.6483728885650635
presence,door,0.8959532380104065
mouse,management,0.46212419867515564
task,highway,0.857118546962738
liquor,century,0.443987101316452
task,straw,0.692112147808075
island,task,0.7013377547264099
night,chapter,0.3124396800994873
pollution,president,0.46521326899528503
gun,trick,0.8300144672393799
bath,trick,0.7345449924468994
diet,apple,0.890262246131897
cent,wife,0.1338518112897873
chapter,tail,0.4784271717071533
course,stomach,0.7082130908966064
hymn,straw,0.8304376602172852
dentist,colonel,0.6700010299682617
wife,straw,0.31856071949005127
hole,wife,0.18408720195293427
pupil,president,0.5779799222946167
bath,wife,0.35621264576911926
people,cent,0.4221055209636688
formula,log,0.7288312911987305
woman,fur,0.6924957036972046
apple,sunshine,0.9061369895935059
gun,dawn,0.8694174885749817
meal,waist,0.9593894481658936
camera,president,0.23550090193748474
liquor,band,0.6143675446510315
stomach,vein,0.8914042115211487
gun,fur,0.7278936505317688
couch,baseball,0.20572605729103088
worker,camera,0.7509654760360718
deck,mouse,0.8641780614852905
rice,boy,0.5557768940925598
people,gun,0.5331329703330994
cliff,tail,0.6469303369522095
ankle,window,0.6360044479370117
princess,island,0.5176164507865906
container,mouse,0.8778547644615173
wagon,container,0.9145374894142151
people,balloon,0.16819307208061218
dollar,people,0.5766600966453552
bath,balloon,-0.6483216881752014
stomach,bedroom,0.8837959170341492
bicycle,bedroom,0.8593553304672241
log,bath,0.7600702047348022
bowl,tail,0.7918431162834167
go,come,0.07011598348617554
take,steal,0.7001222372055054
listen,hear,0.965722382068634
occur,happen,0.9198033809661865
vanish,disappear,0.9177621006965637
multiply,divide,0.9175391793251038
plead,beg,0.9649381041526794
begin,originate,0.7774969935417175
protect,defend,0.8818991184234619
kill,destroy,0.9195739030838013
create,make,0.7440779805183411
accept,reject,0.8446797728538513
ignore,avoid,0.8622702956199646
carry,bring,0.8670994639396667
leave,enter,0.8683872818946838
choose,elect,0.04259997978806496
lose,fail,0.8166531920433044
encourage,discourage,0.9272363781929016
achieve,accomplish,0.9682718515396118
make,construct,0.638254702091217
listen,obey,0.9426509737968445
inform,notify,0.8466542959213257
receive,give,0.8446553945541382
borrow,beg,0.9734376072883606
take,obtain,0.8333669304847717
advise,recommend,0.7702411413192749
imitate,portray,0.9688997864723206
win,succeed,0.2828921973705292
think,decide,0.879342257976532
greet,meet,0.8997347354888916
agree,argue,0.9432567954063416
enjoy,entertain,0.788425862789154
destroy,make,0.6961549520492554
save,protect,0.042066462337970734
give,lend,0.28802236914634705
understand,know,0.9566009640693665
take,receive,0.8302454948425293
accept,acknowledge,0.9246321320533752
decide,choose,0.07545900344848633
accept,believe,0.9006379842758179
keep,possess,0.9291895031929016
succeed,fail,0.8048348426818848
spend,save,0.022615069523453712
leave,go,-0.04480282962322235
come,attend,0.1367642730474472
know,believe,0.9770826697349548
gather,meet,0.9278482794761658
make,earn,0.8142750263214111
forget,ignore,0.8571385741233826
multiply,add,0.9111582040786743
shrink,grow,0.6419164538383484
arrive,leave,0.8523766398429871
succeed,try,0.4641510546207428
accept,deny,0.929158627986908
arrive,come,0.505589485168457
agree,differ,0.8476473093032837
send,receive,0.8108432292938232
win,dominate,0.43014398217201233
add,divide,0.9268783330917358
kill,choke,0.8093544840812683
acquire,get,0.01439597737044096
participate,join,0.801218569278717
leave,remain,0.9348285794258118
go,enter,-0.00951329804956913
take,carry,0.8308749794960022
forget,learn,0.8129549622535706
appoint,elect,0.752512514591217
engage,marry,0.738064169883728
ask,pray,0.9094763994216919
go,send,0.008570834062993526
take,deliver,0.8177036643028259
speak,hear,0.9556241035461426
analyze,evaluate,0.7362863421440125
lose,keep,0.8614517450332642
compare,analyze,0.6668941378593445
go,allow,0.04289830103516579
take,possess,0.8480570912361145
learn,listen,0.9310639500617981
destroy,construct,0.899376630783081
create,build,0.9291569590568542
steal,buy,0.8852861523628235
kill,hang,0.8730190992355347
forget,know,0.9381071925163269
create,imagine,0.7833859324455261
do,happen,0.008328522555530071
win,accomplish,0.73291015625
give,deny,0.8953501582145691
deserve,earn,0.6698073744773865
get,put,0.0605514831840992
locate,find,0.39988645911216736
appear,attend,0.6077857613563538
pretend,imagine,0.9762294292449951
satisfy,please,0.919014036655426
cherish,keep,0.6822245121002197
argue,differ,0.9272236227989197
overcome,dominate,0.4977666735649109
behave,obey,0.8203387260437012
cooperate,participate,0.646465539932251
achieve,try,0.9158751368522644
fail,discourage,0.9588803052902222
begin,quit,0.8969833254814148
say,participate,0.6516621708869934
come,bring,0.5175287127494812
declare,announce,0.9210490584373474
take,leave,0.8526180386543274
proclaim,announce,0.9265366792678833
acquire,obtain,0.8640619516372681
conclude,decide,0.9213876724243164
please,plead,0.894911527633667
argue,prove,0.9474546909332275
ask,plead,0.8622212409973145
find,disappear,0.8447839617729187
inspect,examine,0.7948805093765259
verify,justify,0.9477066993713379
assume,predict,0.7387682795524597
learn,evaluate,0.8561529517173767
argue,justify,0.9580011367797852
make,become,-0.17494606971740723
discover,originate,0.8019891381263733
achieve,succeed,0.6374508738517761
give,put,0.8628534078598022
understand,listen,0.9519491195678711
expand,grow,0.9057780504226685
borrow,sell,0.8685218691825867
keep,protect,0.8974782824516296
explain,prove,0.9333251714706421
assume,pretend,0.8172210454940796
agree,please,0.9333541393280029
forgive,forget,0.9167258143424988
clarify,explain,0.799773097038269
understand,forgive,0.860585629940033
remind,forget,0.849406361579895
get,remain,-0.0666971430182457
realize,discover,0.8987358212471008
require,inquire,0.969588577747345
ignore,ask,0.8970628976821899
think,inquire,0.8601993918418884
reject,avoid,0.8251584768295288
argue,persuade,0.9265128970146179
pursue,persuade,0.6271953582763672
accept,forgive,0.8798748850822449
do,quit,-0.0274532288312912
investigate,examine,0.9438750147819519
discuss,explain,0.8888518214225769
owe,lend,0.2747270166873932
explore,discover,0.6045648455619812
complain,argue,0.7891043424606323
withdraw,reject,0.7533028721809387
keep,borrow,0.8033814430236816
beg,ask,0.9012135863304138
arrange,organize,0.9323813319206238
reduce,shrink,0.4162534475326538
speak,acknowledge,0.9365069270133972
give,borrow,0.8021472692489624
kill,defend,0.8481461405754089
disappear,shrink,0.6845631003379822
deliver,carry,0.8444488644599915
breathe,choke,0.9513627290725708
acknowledge,notify,0.8796664476394653
become,seem,0.00850939191877842
pretend,seem,-0.0009584627696312964
accomplish,become,-0.20125223696231842
contemplate,think,0.7549639940261841
determine,predict,0.8689675331115723
please,entertain,0.7613706588745117
remain,retain,0.8611121773719788
pretend,portray,0.9394742846488953
forget,retain,0.7932765483856201
want,choose,0.15090666711330414
lose,get,0.11594503372907639
try,think,0.6706554889678955
become,appear,-0.08088823407888412
leave,ignore,0.7674900889396667
accept,recommend,0.7210870385169983
leave,wander,0.6191791296005249
keep,give,0.9603975415229797
give,allow,0.8982605934143066
bring,send,0.8754758834838867
absorb,learn,0.8300091028213501
acquire,find,0.9201956987380981
leave,appear,0.851475179195404
create,destroy,0.8469935059547424
begin,go,-0.01461239717900753
get,buy,0.08350479602813721
collect,save,0.04428452253341675
replace,restore,0.8142305612564087
join,add,0.6602137684822083
join,marry,0.5914897322654724
accept,deliver,0.9207857847213745
attach,join,0.6466779112815857
put,hang,0.7889194488525391
go,sell,0.030607569962739944
communicate,pray,0.9308356046676636
give,steal,0.7981528639793396
add,build,0.8364688754081726
bring,restore,0.9028850197792053
portray,decide,0.9149242043495178
organize,become,-0.08084899187088013
give,know,0.8810821175575256
say,verify,0.5857066512107849
cooperate,join,0.6860559582710266
arrange,require,0.9550043940544128
borrow,want,-0.0010428940877318382
investigate,pursue,0.6028958559036255
ignore,explore,0.5624337196350098
bring,complain,0.766666829586029
enter,owe,0.8284399509429932
portray,notify,0.9473146796226501
remind,sell,0.8329874873161316
absorb,possess,0.8425314426422119
join,acquire,0.7159661054611206
send,attend,0.8141770958900452
gather,attend,0.6564095616340637
absorb,withdraw,0.8093322515487671
attend,arrive,0.7153016924858093
math,male,0.41857871413230896
math,man,0.14239774644374847
math,boy,0.29998257756233215
math,brother,0.37807798385620117
math,he,-0.07872515171766281
math,him,0.03510626405477524
math,his,-0.06876373291015625
math,son,0.27902013063430786
math,female,0.44562700390815735
math,woman,0.46119219064712524
math,girl,0.2988613545894623
math,sister,0.44757080078125
math,she,-0.058763567358255386
math,her,-0.00970312301069498
math,hers,-0.03369862213730812
math,daughter,0.33099088072776794
algebra,male,0.6443381905555725
algebra,man,0.46892356872558594
algebra,boy,0.3850812017917633
algebra,brother,0.45250627398490906
algebra,he,-0.04088272526860237
algebra,him,-0.015565146692097187
algebra,his,-0.062171466648578644
algebra,son,0.3694738745689392
algebra,female,0.5828408002853394
algebra,woman,0.6645075082778931
algebra,girl,0.4180917739868164
algebra,sister,0.5699418187141418
algebra,she,-0.058503616601228714
algebra,her,0.032253578305244446
algebra,hers,0.06959208101034164
algebra,daughter,0.43201208114624023
geometry,male,0.6424787640571594
geometry,man,0.48834359645843506
geometry,boy,0.3185563087463379
geometry,brother,0.34087276458740234
geometry,he,0.007377661298960447
geometry,him,0.0272815078496933
geometry,his,-0.10119851678609848
geometry,son,0.3003302216529846
geometry,female,0.5808557868003845
geometry,woman,0.6583427786827087
geometry,girl,0.3467753529548645
geometry,sister,0.4681148827075958
geometry,she,-0.053032465279102325
geometry,her,0.07675010710954666
geometry,hers,0.047345343977212906
geometry,daughter,0.3577527105808258
calculus,male,0.6561753153800964
calculus,man,0.5409709215164185
calculus,boy,0.29358527064323425
calculus,brother,0.32766833901405334
calculus,he,0.0192955881357193
calculus,him,0.012981138192117214
calculus,his,-0.11023083329200745
calculus,son,0.26210057735443115
calculus,female,0.5703610181808472
calculus,woman,0.6718131303787231
calculus,girl,0.33536824584007263
calculus,sister,0.4690588116645813
calculus,she,-0.03465460613369942
calculus,her,0.0783584788441658
calculus,hers,0.0746830478310585
calculus,daughter,0.32661542296409607
equations,male,0.6918788552284241
equations,man,0.6066526174545288
equations,boy,0.34938183426856995
equations,brother,0.38105592131614685
equations,he,0.03646198287606239
equations,him,-0.015475003980100155
equations,his,-0.05298083275556564
equations,son,0.3372865319252014
equations,female,0.5802629590034485
equations,woman,0.6862612366676331
equations,girl,0.40512868762016296
equations,sister,0.5151810050010681
equations,she,-0.02766747772693634
equations,her,0.08069930225610733
equations,hers,0.08457966893911362
equations,daughter,0.4069857895374298
computation,male,0.6501033902168274
computation,man,0.43808016180992126
computation,boy,0.32659074664115906
computation,brother,0.37499287724494934
computation,he,-0.01069813221693039
computation,him,0.0018425437156111002
computation,his,-0.07461930066347122
computation,son,0.309491902589798
computation,female,0.5931334495544434
computation,woman,0.6322764754295349
computation,girl,0.3484472334384918
computation,sister,0.4824771583080292
computation,she,-0.05229945480823517
computation,her,-0.011787904426455498
computation,hers,0.014447684399783611
computation,daughter,0.3710945248603821
numbers,male,0.6322005987167358
numbers,man,0.6602991223335266
numbers,boy,0.21205958724021912
numbers,brother,0.24749337136745453
numbers,he,0.017147962003946304
numbers,him,-0.015006983652710915
numbers,his,-0.09816243499517441
numbers,son,0.20357204973697662
numbers,female,0.4804219901561737
numbers,woman,0.5673174262046814
numbers,girl,0.27824103832244873
numbers,sister,0.39945319294929504
numbers,she,-0.028179816901683807
numbers,her,0.17613713443279266
numbers,hers,0.18722571432590485
numbers,daughter,0.2546662390232086
addition,male,0.4594024419784546
addition,man,0.23448649048805237
addition,boy,0.10423330962657928
addition,brother,0.13223159313201904
addition,he,-0.10479715466499329
addition,him,0.05554341897368431
addition,his,-0.20749540627002716
addition,son,0.091063492000103
addition,female,0.4594048857688904
addition,woman,0.43801024556159973
addition,girl,0.1253230720758438
addition,sister,0.2675372064113617
addition,she,-0.024070696905255318
addition,her,0.03691127896308899
addition,hers,0.1417946219444275
addition,daughter,0.13971517980098724
poetry,male,0.7136659026145935
poetry,man,0.5354064106941223
poetry,boy,0.3433155417442322
poetry,brother,0.40619438886642456
poetry,he,-0.021332042291760445
poetry,him,-0.022877758368849754
poetry,his,-0.05801629647612572
poetry,son,0.3011680841445923
poetry,female,0.7136458158493042
poetry,woman,0.6878012418746948
poetry,girl,0.4089464843273163
poetry,sister,0.5559154748916626
poetry,she,-0.08422664552927017
poetry,her,0.04399821162223816
poetry,hers,0.10948621481657028
poetry,daughter,0.37140604853630066
art,male,0.41066232323646545
art,man,0.11541236191987991
art,boy,0.14748847484588623
art,brother,0.19838911294937134
art,he,-0.06119507923722267
art,him,0.030892888084053993
art,his,-0.12337664514780045
art,son,0.12101808935403824
art,female,0.4744115471839905
art,woman,0.403775691986084
art,girl,0.1589934527873993
art,sister,0.31460902094841003
art,she,-0.083641417324543
art,her,0.0346323624253273
art,hers,0.09834778308868408
art,daughter,0.16002865135669708
dance,male,0.6736541986465454
dance,man,0.46064305305480957
dance,boy,0.033261097967624664
dance,brother,0.12806174159049988
dance,he,0.04200822860002518
dance,him,-0.017852306365966797
dance,his,-0.15128648281097412
dance,son,0.003288526553660631
dance,female,0.6841077208518982
dance,woman,0.5504584908485413
dance,girl,0.10352061688899994
dance,sister,0.27062082290649414
dance,she,-0.06186074763536453
dance,her,0.06374461203813553
dance,hers,0.11774889379739761
dance,daughter,0.06952127069234848
literature,male,0.5800282955169678
literature,man,0.29219773411750793
literature,boy,0.2848854959011078
literature,brother,0.33939221501350403
literature,he,-0.044175922870635986
literature,him,0.026485539972782135
literature,his,-0.08287839591503143
literature,son,0.2531629502773285
literature,female,0.6173363327980042
literature,woman,0.560305118560791
literature,girl,0.3122570514678955
literature,sister,0.4625397026538849
literature,she,-0.05730954185128212
literature,her,0.015115141868591309
literature,hers,0.02976352721452713
literature,daughter,0.313728004693985
novel,male,0.5608102083206177
novel,man,0.5491185188293457
novel,boy,0.4430922865867615
novel,brother,0.49705013632774353
novel,he,0.020807037129998207
novel,him,-0.19764630496501923
novel,his,0.04673267900943756
novel,son,0.4132281541824341
novel,female,0.5838415622711182
novel,woman,0.6898888945579529
novel,girl,0.5056597590446472
novel,sister,0.5568610429763794
novel,she,-0.13120414316654205
novel,her,0.01276154350489378
novel,hers,0.0618741512298584
novel,daughter,0.4449320137500763
symphony,male,0.4331189692020416
symphony,man,0.22160542011260986
symphony,boy,0.15616312623023987
symphony,brother,0.23313365876674652
symphony,he,0.06641636788845062
symphony,him,-0.026611758396029472
symphony,his,-0.11567414551973343
symphony,son,0.17275448143482208
symphony,female,0.4016883671283722
symphony,woman,0.35494688153266907
symphony,girl,0.2114107310771942
symphony,sister,0.30625778436660767
symphony,she,-0.1254606693983078
symphony,her,-0.022158296778798103
symphony,hers,0.06881967931985855
symphony,daughter,0.21894824504852295
drama,male,0.5866992473602295
drama,man,0.3652071952819824
drama,boy,-0.04379221424460411
drama,brother,0.04650986194610596
drama,he,0.10720198601484299
drama,him,-0.03002728708088398
drama,his,-0.15139839053153992
drama,son,-0.08642854541540146
drama,female,0.6454075574874878
drama,woman,0.4490639865398407
drama,girl,0.045100267976522446
drama,sister,0.18109191954135895
drama,she,-0.08648771047592163
drama,her,0.04693552479147911
drama,hers,0.06519796699285507
drama,daughter,-0.004564802162349224
sculpture,male,0.6322959065437317
sculpture,man,0.44966086745262146
sculpture,boy,0.3240700960159302
sculpture,brother,0.3868308365345001
sculpture,he,0.005697140470147133
sculpture,him,0.025478942319750786
sculpture,his,-0.09077038615942001
sculpture,son,0.29670068621635437
sculpture,female,0.6030282378196716
sculpture,woman,0.6469914317131042
sculpture,girl,0.3691849112510681
sculpture,sister,0.5175885558128357
sculpture,she,-0.06746075302362442
sculpture,her,0.09231215715408325
sculpture,hers,0.061089735478162766
sculpture,daughter,0.3643006384372711
science,male,0.4529610276222229
science,man,0.1129167377948761
science,boy,0.14603295922279358
science,brother,0.17296594381332397
science,he,-0.0480729416012764
science,him,0.04354085028171539
science,his,-0.08325409144163132
science,son,0.12331496924161911
science,female,0.5230998992919922
science,woman,0.44378626346588135
science,girl,0.1358802765607834
science,sister,0.26774317026138306
science,she,-0.05220792070031166
science,her,-0.03644433245062828
science,hers,-0.007728728000074625
science,daughter,0.15567339956760406
technology,male,0.4639603793621063
technology,man,0.1532837301492691
technology,boy,0.11826471984386444
technology,brother,0.14778566360473633
technology,he,-0.03224486857652664
technology,him,-0.001210913760587573
technology,his,-0.11552532762289047
technology,son,0.09160435944795609
technology,female,0.5069189071655273
technology,woman,0.45736679434776306
technology,girl,0.11087780445814133
technology,sister,0.25339239835739136
technology,she,-0.022479193285107613
technology,her,-0.01856224797666073
technology,hers,0.006647092290222645
technology,daughter,0.13676168024539948
physics,male,0.33714720606803894
physics,man,0.07302139699459076
physics,boy,0.19643869996070862
physics,brother,0.25350221991539
physics,he,-0.026996852830052376
physics,him,0.04911176487803459
physics,his,-0.04731982201337814
physics,son,0.18390965461730957
physics,female,0.3838621973991394
physics,woman,0.3810288906097412
physics,girl,0.20227527618408203
physics,sister,0.32342520356178284
physics,she,-0.0536549873650074
physics,her,-0.00076003756839782
physics,hers,-0.0682682916522026
physics,daughter,0.23934994637966156
chemistry,male,0.3578106164932251
chemistry,man,0.08463990688323975
chemistry,boy,0.2523399889469147
chemistry,brother,0.29551661014556885
chemistry,he,-0.03649710863828659
chemistry,him,0.03487378731369972
chemistry,his,-0.05112411081790924
chemistry,son,0.23929522931575775
chemistry,female,0.3875795900821686
chemistry,woman,0.40568187832832336
chemistry,girl,0.25391268730163574
chemistry,sister,0.3688561022281647
chemistry,she,-0.0642828419804573
chemistry,her,-0.018885081633925438
chemistry,hers,-0.05237366631627083
chemistry,daughter,0.2906734347343445
einstein,male,0.5850606560707092
einstein,man,0.5182706713676453
einstein,boy,0.5113999247550964
einstein,brother,0.5726173520088196
einstein,he,-0.05528770387172699
einstein,him,-0.013342346996068954
einstein,his,0.03792151063680649
einstein,son,0.4983442425727844
einstein,female,0.4857759177684784
einstein,woman,0.6559682488441467
einstein,girl,0.5420126914978027
einstein,sister,0.6451124548912048
einstein,she,-0.008973545394837856
einstein,her,0.040189314633607864
einstein,hers,0.08039005100727081
einstein,daughter,0.5457218885421753
nasa,male,-0.5811364650726318
nasa,man,-0.5035455822944641
nasa,boy,-0.3291638195514679
nasa,brother,-0.3699844479560852
nasa,he,-0.05217236280441284
nasa,him,0.013582498766481876
nasa,his,0.06083895266056061
nasa,son,-0.3405910134315491
nasa,female,-0.45941850543022156
nasa,woman,-0.5525274276733398
nasa,girl,-0.3781149089336395
nasa,sister,-0.47948479652404785
nasa,she,0.020525237545371056
nasa,her,-0.0777687281370163
nasa,hers,-0.0618860125541687
nasa,daughter,-0.40241602063179016
experiment,male,0.6916968822479248
experiment,man,0.5809136629104614
experiment,boy,0.2725333571434021
experiment,brother,0.3154148459434509
experiment,he,0.03199661523103714
experiment,him,-0.03590131923556328
experiment,his,-0.07770008593797684
experiment,son,0.2416255921125412
experiment,female,0.5989728569984436
experiment,woman,0.7048885226249695
experiment,girl,0.32049819827079773
experiment,sister,0.46206945180892944
experiment,she,-0.019900063052773476
experiment,her,0.08233668655157089
experiment,hers,0.038896139711141586
experiment,daughter,0.31457480788230896
astronomy,male,0.4919305443763733
astronomy,man,0.23849792778491974
astronomy,boy,0.2870334982872009
astronomy,brother,0.34152963757514954
astronomy,he,-0.04966741055250168
astronomy,him,0.016792576760053635
astronomy,his,-0.06950315088033676
astronomy,son,0.255529522895813
astronomy,female,0.5215602517127991
astronomy,woman,0.5395852327346802
astronomy,girl,0.29874786734580994
astronomy,sister,0.4382692575454712
astronomy,she,-0.04718248173594475
astronomy,her,-0.001647314289584756
astronomy,hers,0.0016905092634260654
astronomy,daughter,0.31631913781166077
executive,male,0.5342251062393188
executive,man,0.2654379904270172
executive,boy,0.2084435522556305
executive,brother,0.18628141283988953
executive,he,-0.01794634386897087
executive,him,-0.01399434357881546
executive,his,0.002635503187775612
executive,son,0.1889948546886444
executive,female,0.5877178311347961
executive,woman,0.5488648414611816
executive,girl,0.157666876912117
executive,sister,0.20952177047729492
executive,she,0.010507345199584961
executive,her,-0.190909743309021
executive,hers,-0.04759286344051361
executive,daughter,0.19640445709228516
management,male,0.4602813422679901
management,man,0.132196843624115
management,boy,0.019849473610520363
management,brother,0.08740361779928207
management,he,-0.05133768171072006
management,him,-0.01920056901872158
management,his,-0.13246624171733856
management,son,0.0020673461258411407
management,female,0.5230332612991333
management,woman,0.4148281514644623
management,girl,-0.004407980944961309
management,sister,0.15149812400341034
management,she,-0.012764958664774895
management,her,-0.03922604024410248
management,hers,0.009247555397450924
management,daughter,0.021279344335198402
professional,male,0.5108660459518433
professional,man,0.2292104959487915
professional,boy,0.09449376910924911
professional,brother,0.276707261800766
professional,he,-0.03152457997202873
professional,him,-0.1624273955821991
professional,his,-0.02761862985789776
professional,son,0.10782913118600845
professional,female,0.5055996775627136
professional,woman,0.3166758120059967
professional,girl,0.09933164715766907
professional,sister,0.2606910467147827
professional,she,-0.02329717017710209
professional,her,-0.13792166113853455
professional,hers,0.055924735963344574
professional,daughter,0.11912810802459717
corporation,male,0.5558963418006897
corporation,man,0.28138917684555054
corporation,boy,0.2130911499261856
corporation,brother,0.22402998805046082
corporation,he,0.008764863014221191
corporation,him,0.007582544814795256
corporation,his,-0.12117619812488556
corporation,son,0.19638724625110626
corporation,female,0.5612269639968872
corporation,woman,0.5364130139350891
corporation,girl,0.20552131533622742
corporation,sister,0.3116106390953064
corporation,she,-0.014141591265797615
corporation,her,-0.04676016420125961
corporation,hers,-0.021277274936437607
corporation,daughter,0.23761093616485596
salary,male,0.47536033391952515
salary,man,0.5897722840309143
salary,boy,0.2204570472240448
salary,brother,0.2288796603679657
salary,he,0.08433638513088226
salary,him,-0.007034942973405123
salary,his,0.004179027397185564
salary,son,0.21946321427822113
salary,female,0.3078322112560272
salary,woman,0.4881724417209625
salary,girl,0.27016130089759827
salary,sister,0.3441368639469147
salary,she,0.015479753725230694
salary,her,0.1676054149866104
salary,hers,0.042656127363443375
salary,daughter,0.273654580116272
office,male,0.1392177939414978
office,man,0.08061123639345169
office,boy,0.20733043551445007
office,brother,0.1844288855791092
office,he,0.09006982296705246
office,him,0.002342654624953866
office,his,0.029152359813451767
office,son,0.1850372552871704
office,female,0.15683992207050323
office,woman,0.3530455529689789
office,girl,0.1556948572397232
office,sister,0.19290880858898163
office,she,0.07030410319566727
office,her,-0.049421727657318115
office,hers,-0.14451110363006592
office,daughter,0.20277048647403717
business,male,0.42881762981414795
business,man,0.17224162817001343
business,boy,0.2834436595439911
business,brother,0.33618950843811035
business,he,-0.08313721418380737
business,him,-0.024319224059581757
business,his,-0.12263155728578568
business,son,0.2523164451122284
business,female,0.43227827548980713
business,woman,0.47934916615486145
business,girl,0.2605620324611664
business,sister,0.4333024322986603
business,she,-0.006254534237086773
business,her,-0.007302432786673307
business,hers,0.06516214460134506
business,daughter,0.27635666728019714
career,male,0.018646646291017532
career,man,-0.24766364693641663
career,boy,0.05322492495179176
career,brother,0.17958946526050568
career,he,-0.13705600798130035
career,him,-0.1152154728770256
career,his,-0.0859055444598198
career,son,0.05869656428694725
career,female,0.017985504120588303
career,woman,-0.10059301555156708
career,girl,0.015911607071757317
career,sister,0.16492831707000732
career,she,-0.045755792409181595
career,her,-0.05479520186781883
career,hers,0.0409264862537384
career,daughter,0.05237330123782158
home,male,-0.14004327356815338
home,man,0.0006519444286823273
home,boy,0.060193758457899094
home,brother,0.1220908984541893
home,he,0.1319008469581604
home,him,0.07335902005434036
home,his,-0.0548284538090229
home,son,0.07031144946813583
home,female,-0.25995415449142456
home,woman,-0.03376355394721031
home,girl,0.08318766206502914
home,sister,0.17621900141239166
home,she,0.04621444270014763
home,her,0.18205001950263977
home,hers,-0.01574079878628254
home,daughter,0.09291117638349533
parents,male,0.11486203223466873
parents,man,0.21886928379535675
parents,boy,0.68976891040802
parents,brother,0.7396380305290222
parents,he,-0.19801627099514008
parents,him,-0.06085348129272461
parents,his,0.028049500659108162
parents,son,0.6918708682060242
parents,female,0.011790639720857143
parents,woman,0.35754165053367615
parents,girl,0.7067352533340454
parents,sister,0.7813151478767395
parents,she,0.05430523306131363
parents,her,0.007680627051740885
parents,hers,0.10058143734931946
parents,daughter,0.7097964882850647
children,male,0.28047922253608704
children,man,0.43622440099716187
children,boy,0.6755754351615906
children,brother,0.6747872829437256
children,he,-0.13847823441028595
children,him,0.006924869958311319
children,his,0.05725504830479622
children,son,0.6734412312507629
children,female,0.19083383679389954
children,woman,0.4028911590576172
children,girl,0.7322188019752502
children,sister,0.7445030808448792
children,she,-0.029670951887965202
children,her,0.11411715298891068
children,hers,0.16149212419986725
children,daughter,0.7159872055053711
family,male,0.13681422173976898
family,man,0.15280841290950775
family,boy,0.6388857364654541
family,brother,0.5788341164588928
family,he,-0.14751632511615753
family,him,0.010987624526023865
family,his,0.005256012547761202
family,son,0.6265641450881958
family,female,0.058277346193790436
family,woman,0.3659786880016327
family,girl,0.6149008274078369
family,sister,0.6451494097709656
family,she,0.0181390643119812
family,her,0.02565774694085121
family,hers,0.05221644788980484
family,daughter,0.6156148910522461
cousins,male,0.4906911253929138
cousins,man,0.5024120211601257
cousins,boy,0.866256058216095
cousins,brother,0.9240959882736206
cousins,he,-0.17306050658226013
cousins,him,-0.11555356532335281
cousins,his,0.11776064336299896
cousins,son,0.8609506487846375
cousins,female,0.39207303524017334
cousins,woman,0.6513791680335999
cousins,girl,0.8856099843978882
cousins,sister,0.9311949014663696
cousins,she,-0.04597937688231468
cousins,her,-0.05955955386161804
cousins,hers,0.06413507461547852
cousins,daughter,0.8831483125686646
marriage,male,0.20836691558361053
marriage,man,0.3494601845741272
marriage,boy,0.7412775754928589
marriage,brother,0.7491281628608704
marriage,he,-0.09279445558786392
marriage,him,-0.10232876986265182
marriage,his,0.08225689083337784
marriage,son,0.7368354797363281
marriage,female,0.11730572581291199
marriage,woman,0.4827303886413574
marriage,girl,0.7799962162971497
marriage,sister,0.8001303672790527
marriage,she,-0.05799536406993866
marriage,her,0.07566364854574203
marriage,hers,0.03569674864411354
marriage,daughter,0.7799948453903198
wedding,male,0.40782302618026733
wedding,man,0.47990408539772034
wedding,boy,0.5254754424095154
wedding,brother,0.5841695070266724
wedding,he,0.038245704025030136
wedding,him,-0.060223184525966644
wedding,his,-0.008849532343447208
wedding,son,0.5131354928016663
wedding,female,0.3123335838317871
wedding,woman,0.5669592022895813
wedding,girl,0.5820953249931335
wedding,sister,0.667650043964386
wedding,she,-0.029800113290548325
wedding,her,0.09853219240903854
wedding,hers,0.03497014194726944
wedding,daughter,0.5740300416946411
relatives,male,0.5765573978424072
relatives,man,0.6058604717254639
relatives,boy,0.5944215655326843
relatives,brother,0.6476605534553528
relatives,he,-0.07855089753866196
relatives,him,-0.025218000635504723
relatives,his,-0.051604073494672775
relatives,son,0.5707736015319824
relatives,female,0.45409050583839417
relatives,woman,0.7065171599388123
relatives,girl,0.6363410949707031
relatives,sister,0.7631232142448425
relatives,she,0.010591646656394005
relatives,her,0.08486019819974899
relatives,hers,0.09755386412143707
relatives,daughter,0.6286377906799316
