id,predicted
t3_n277r2,3.4899135
t3_n28j15,4.5524373
t3_n294h6,2.6618435
t3_n29bek,4.355111
t3_n2bjwy,4.4582276
t3_n2c6zi,4.4970856
t3_n2c9c8,3.6211278
t3_n2eqpj,4.4859066
t3_n2eys8,3.141477
t3_n2fxx1,2.6816568
t3_n2gxjn,4.032789
t3_n2hz40,4.1019225
t3_n2jf50,4.209359
t3_n2krya,3.6172807
t3_n2l0a3,4.4456267
t3_n2l5qi,4.2730584
t3_n2m2km,3.2537296
t3_n2ngqw,3.6821225
t3_n2ooiu,4.416768
t3_n2pjvx,4.263631
t3_n2pnqy,3.280005
t3_n2q3x5,3.490351
t3_n2slwf,3.2748268
t3_n2tm9u,3.782084
t3_n2to6d,4.2918673
t3_n2uaw6,4.1224422
t3_n2upje,3.1216063
t3_n2xrc5,4.104343
t3_n2xuk5,3.3348799
t3_n2yhgh,3.2940574
t3_n2zieo,4.057112
t3_n30rfe,2.738176
t3_n30w7u,4.1236024
t3_n31m3v,4.3716283
t3_n32uyo,2.5422463
t3_n33b65,4.537633
t3_n34b7f,4.089061
t3_n34zym,3.4534707
t3_n36ryd,3.3647203
t3_n37c64,3.9888077
t3_n39y34,3.0658383
t3_n3aibv,3.0479176
t3_n3bzn5,2.272343
t3_n3dt6i,3.4266448
t3_n3fjee,4.4127927
t3_n3hkqj,2.8333576
t3_n3hlon,3.7527401
t3_n3hou0,3.5515108
t3_n3iv62,4.3355994
t3_n3izf1,4.424509
t3_n3lrzw,4.597233
t3_n3lvc6,4.3950634
t3_n3oqs4,2.7372065
t3_n3px6x,3.6516066
t3_n3qmwc,2.2421958
t3_n3t7ne,4.591837
t3_n3ta6a,3.5366335
t3_n3tabv,4.0406857
t3_n3ts52,4.046581
t3_n3u0df,4.499107
t3_n3u6q6,3.252052
t3_n3ubot,2.6846583
t3_n3uqtr,4.0091767
t3_n3uvc2,4.4469595
t3_n3v98k,4.5062904
t3_n3vifz,3.7908118
t3_n3wgni,3.6707275
t3_n3y6is,4.0262084
t3_n3ze0m,3.6366186
t3_n409it,4.692107
t3_n40jnm,4.4120307
t3_n423cq,3.5569532
t3_n42s6g,3.361434
t3_n437ei,3.4617598
t3_n4474a,3.9849167
t3_n45tdk,4.467195
t3_n46mno,4.5539837
t3_n47a81,4.2535405
t3_n47ukb,4.1228538
t3_n4afcb,4.003333
t3_n4bqtr,4.3598657
t3_n4bwce,2.8872828
t3_n4cgp2,2.9741733
t3_n4ckmm,3.3191648
t3_n4ezdg,3.6689336
t3_n4gatd,3.4945884
t3_n4hwfj,3.4288456
t3_n4i27b,3.1355915
t3_n4mzqn,3.974134
t3_n4nx7l,2.7332575
t3_n4okn7,4.4390717
t3_n4tjym,3.5118306
t3_n4uhxh,3.5411098
t3_n4vguw,4.249636
t3_n4vj43,4.153524
t3_n4wk7t,3.702451
t3_n4x17g,3.5788589
t3_n4xr3p,3.7866833
t3_n4zdog,3.0506895
t3_n50fw2,3.9777803
t3_n517oo,4.010661
t3_n5236m,4.297465
t3_n53wgo,2.9091022
t3_n56iuy,3.1177278
t3_n56ycp,3.7714832
t3_n5bvh6,4.5982647
t3_n5d7w5,4.435416
t3_n5dq5y,4.37529
t3_n5f2vc,3.7860472
t3_n5h885,4.1687765
t3_n5hq4o,3.380236
t3_n5jaqf,4.3224545
t3_n5jt0j,4.589351
t3_n5jtq0,3.6569207
t3_n5k4be,4.525114
t3_n5kj5k,3.1447587
t3_n5lsvt,3.6688197
t3_n5n5bl,2.99098
t3_n5nk9m,4.4067907
t3_n5onpi,4.174719
t3_n5oplg,3.729922
t3_n5opqp,3.5792596
t3_n5uzqt,3.1918044
t3_n5v7qu,3.785992
t3_n5vfcn,2.6232693
t3_n5vpg4,4.3538804
t3_n5x71g,3.657546
t3_n5xvke,2.4324512
t3_n5zlrp,4.2434506
t3_n606d2,4.038368
t3_n61dg1,4.24193
t3_n63tv5,3.4713063
t3_n648vd,3.2972336
t3_n64rbi,3.6531687
t3_n65edy,4.3983107
t3_n65sbv,4.2430024
t3_n66143,4.467472
t3_n66hp7,4.3731093
t3_n676k7,4.5652666
t3_n68022,4.4493847
t3_n68b14,3.2782876
t3_n68itk,3.7728283
t3_n6apnw,3.5455227
t3_n6ara3,3.5706248
t3_n6bk51,4.3587055
t3_n6bl4d,3.3871439
t3_n6d5t3,4.016629
t3_n6g6g2,3.7512486
t3_n6jlsm,3.9875946
t3_n6kdpv,4.1934795
t3_n6m13k,4.25402
t3_n6nxhr,4.395751
t3_n6o1a1,4.2207747
t3_n6t317,4.044297
t3_n6tejj,4.3114557
t3_n6wx2v,3.3783898
t3_n6xi7s,4.2890263
t3_n6xptv,4.3547378
t3_n6zpyb,3.7776608
t3_n72hyw,3.1466496
t3_n7323y,4.118697
t3_n73zco,4.0295434
t3_n74o71,3.354919
t3_n775mo,4.03267
t3_n79kcj,4.1858916
t3_n79lyz,3.1598403
t3_n7a19o,3.2031374
t3_n7ajgf,3.4155204
t3_n7bhb9,4.0281105
t3_n7bxuk,3.7508175
t3_n7cquv,2.7332008
t3_n7eea4,3.183872
t3_n7fb7m,3.2656958
t3_n7g1wp,4.33983
t3_n7ivi1,4.418689
t3_n7j22h,4.133056
t3_n7jhix,4.2825303
t3_n7k53d,4.4325604
t3_n7mhjq,4.0901194
t3_n7qket,3.0671077
t3_n7r8bt,3.7531369
t3_n7vkqx,4.444297
t3_n7vulc,4.4904785
t3_n7web5,3.3643
t3_n7wflb,3.647494
t3_n7xd0v,3.069566
t3_n7xpag,3.0076005
t3_n7ytrc,3.521967
t3_n7z2y5,3.8543591
t3_n7zcee,3.1144705
t3_n81fss,3.7578945
t3_n82yae,3.6678443
t3_n847lb,3.35071
t3_n862i4,4.180518
t3_n862v1,4.4355083
t3_n86ppa,4.1403947
t3_n87r73,3.1317403
t3_n89wq7,3.2341158
t3_n8bws9,4.0866237
t3_n8ckhj,2.8995335
t3_n8cqe7,2.3497078
t3_n8d2ht,4.3169074
t3_n8dqxr,3.099128
t3_n8ds0j,4.655024
t3_n8dvyv,3.8568237
t3_n8e6g2,3.6196065
t3_n8eqsw,3.0172255
t3_n8ge6e,3.3095233
t3_n8ia9y,4.5031
t3_n8idgo,3.988269
t3_n8jcbq,2.3783288
t3_n8jf5b,3.769977
t3_n8jqt0,3.176576
t3_n8jw4r,3.5946558
t3_n8k4px,3.929667
t3_n8lfo3,4.0209694
t3_n8m1gf,4.471883
t3_n8mzq3,3.8217084
t3_n8ner0,2.9154003
t3_n8on83,3.8827307
t3_n8p2v6,4.437724
t3_n8pcgk,3.1375463
t3_n8piee,3.5492294
t3_n8q2hv,3.5222151
t3_n8ru2z,3.7137773
t3_n8tcoa,4.080955
t3_n8ti37,3.6195295
t3_n8tspe,4.4020834
t3_n8u49m,3.1864202
t3_n8w2rf,3.3069708
t3_n8w34n,3.883445
t3_n8xexv,4.2875357
t3_n8xpl2,2.2992256
t3_n8xy8b,4.510831
t3_n8ynbm,3.1320322
t3_n8zvky,3.6875083
t3_n907ie,3.9247434
t3_n90qcd,4.592616
t3_n91anw,3.1376817
t3_n94n7d,3.8814964
t3_n94pj7,3.7182345
t3_n96y3w,3.6977718
t3_n98rfr,3.4148433
t3_n98ult,3.7066739
t3_n99cka,3.6180723
t3_n99yap,3.4896317
t3_n9a35d,4.2372246
t3_n9cfz8,3.6193676
t3_n9dma6,4.4820156
t3_n9dpjh,2.3464787
t3_n9ec2y,4.0220046
t3_n9fcu4,3.4770834
t3_n9fs8m,4.4431486
t3_n9gau6,4.6005583
t3_n9gq6s,4.5483456
t3_n9ipv5,4.5330877
t3_n9jgp5,3.0935893
t3_n9jro1,3.2437694
t3_n9kqxa,4.490164
t3_n9kt9b,3.6817615
t3_n9m4ye,3.3180492
t3_n9mw88,4.0530496
t3_n9nleu,4.396042
t3_n9oqlx,3.2481055
t3_n9re8q,4.546416
t3_n9rgb7,4.490073
t3_n9sf9f,4.183353
t3_n9ubrk,3.6151671
t3_n9v2a5,4.4716053
t3_n9vi3h,4.4416046
t3_n9vmmx,4.4878054
t3_n9w1se,4.506166
t3_n9w5ix,4.546513
t3_n9wkjh,4.4934235
t3_n9wqjz,3.319214
t3_n9wu0x,4.5467925
t3_n9wy6m,4.342828
t3_n9x87t,4.439514
t3_n9y10g,3.852289
t3_n9yt59,2.3403556
t3_n9za2f,4.5193324
t3_n9zpwh,4.1602497
t3_na11z1,4.2912145
t3_na25oc,2.5165405
t3_na3fgm,4.664144
t3_na4h8f,2.3016722
t3_na4ysf,2.6353447
t3_na5eu8,4.4410377
t3_na68w3,4.5293927
t3_na6o04,4.443544
t3_na6tru,3.0668478
t3_na79dz,3.8641076
t3_naa7vk,4.205175
t3_nadfyt,4.2443337
t3_nadi9h,4.3122053
t3_naf3re,4.4621124
t3_nafdw3,2.4486337
t3_nagohk,3.387312
t3_nah51c,4.3918405
t3_nahjdx,4.4468794
t3_nansrz,2.3426566
t3_nao2ld,3.0170898
t3_nap4tj,4.5090537
t3_napzsx,3.5008528
t3_naqnwf,4.171959
t3_naqw8s,4.2956986
t3_naslg3,4.4178762
t3_natgnk,4.4385023
t3_navbi2,3.3315706
t3_navct2,3.568994
t3_navypm,2.4249344
t3_nawr6f,3.6592762
t3_naxdwa,3.0792792
t3_naxey2,4.522126
t3_nay3ib,4.0773125
t3_naztkz,3.5507238
t3_nb0tab,4.4141273
t3_nb3q03,4.587758
t3_nb532r,3.4233403
t3_nb5n7w,3.9150908
t3_nb683t,4.418329
t3_nb6qt3,4.2494097
t3_nb76eq,4.003028
t3_nb7xob,2.3826594
t3_nb93ff,4.50386
t3_nbaexa,3.3816278
t3_nbbc8c,3.0895443
t3_nbcilr,4.509919
t3_nbecma,4.2628417
t3_nbha4w,4.0882015
t3_nbi53d,4.4123497
t3_nbiu8v,4.445523
t3_nbj9mg,3.1146004
t3_nbluv5,3.298836
t3_nbmb22,3.3312135
t3_nbmnyq,3.696832
t3_nbn3dc,4.2429223
t3_nbnlf6,4.195078
t3_nbpx4r,3.1396947
t3_nbrrab,2.4073162
t3_nbso6c,4.4684997
t3_nbtgyb,4.333688
t3_nbvaa0,4.243395
t3_nbvq4i,3.0357673
t3_nbw9s9,4.2826543
t3_nbxcyz,4.3990707
t3_nby5bt,3.8882513
t3_nc38hb,3.1261976
t3_nc3b9a,4.3264914
t3_nc5cs9,4.5450773
t3_nc5suf,4.6034107
t3_nc7g7s,3.730385
t3_nc9dpe,3.8092134
t3_nca52k,3.5641143
t3_ncbe3m,4.3709598
t3_ncdewp,2.8872054
t3_ncen0b,4.442856
t3_ncf03o,3.6031668
t3_nchm8s,3.692848
t3_nckh9z,4.171591
t3_nckhk5,3.6387994
t3_nckypf,4.2379017
t3_nclu94,3.2486832
t3_ncmfpt,4.1226583
t3_ncnb97,3.777497
t3_ncnexd,3.7914119
t3_ncokm4,2.9681463
t3_ncppq2,4.3247848
t3_ncpzqn,4.388277
t3_ncrn65,3.3410137
t3_ncrtgr,4.598331
t3_ncryey,3.9959245
t3_ncsqf3,4.288495
t3_ncth4a,3.207719
t3_nctt1a,3.9290287
t3_ncvq65,3.1910486
t3_ncwj1e,3.8357031
t3_ncxw8v,2.79394
t3_nd00eq,4.5111647
t3_nd0h1a,3.98687
t3_nd0lmk,4.216625
t3_nd17ww,3.4689224
t3_nd23oj,3.9384859
t3_nd4zf2,3.4654655
t3_nd5yby,3.4707906
t3_nd6svy,4.404892
t3_nd74q9,3.386696
t3_nd7s20,2.5452597
t3_nd91pj,3.135453
t3_nd9iap,4.4799113
t3_nda1v6,3.7239132
t3_nda1wk,3.508829
t3_ndaahh,3.800904
t3_ndan5k,3.4499698
t3_ndbe41,3.0555565
t3_ndbjoa,3.3677366
t3_ndcg3u,4.216807
t3_nddwa7,4.587298
t3_ndg2sd,4.437652
t3_ndh6ox,4.168589
t3_ndi5t5,4.106508
t3_ndij98,3.9881377
t3_ndjnop,3.663482
t3_ndjs2y,4.5044174
t3_ndkg9p,4.420089
t3_ndm7o8,4.6702943
t3_ndn9sn,4.2552752
t3_ndnk9a,3.3940563
t3_ndo41q,3.3612382
t3_ndpbfl,2.511599
t3_ndqfnf,4.418965
t3_ndr6ab,4.4752574
t3_ndshv8,4.4741063
t3_ndsuol,4.5557413
t3_ndt6x9,4.2713
t3_ndtdu9,4.4654927
t3_nduplf,4.2745943
t3_ndynd5,4.2677484
t3_ne05vg,4.50199
t3_ne0a73,3.259792
t3_ne0jij,4.459044
t3_ne0xoy,2.8738463
t3_ne17ct,4.4989223
t3_ne2qlz,3.7926097
t3_ne4p7y,3.4030266
t3_ne5bo2,4.253698
t3_ne5qt8,4.36792
t3_ne76cp,3.362052
t3_ne9mto,4.377668
t3_ne9u3b,3.0615895
t3_nebdbm,3.6530082
t3_necfsq,3.8100348
t3_ned33m,3.9763172
t3_neeohb,3.1000504
t3_nefx9y,4.495438
t3_negich,4.3939514
t3_nei53j,4.507137
t3_neile1,4.2832875
t3_neiy2s,4.1988063
t3_nejadh,4.358701
t3_nem05z,4.3451476
t3_nem1r7,4.344854
t3_nen5as,3.9995816
t3_nen97h,4.1242585
t3_neo2vr,2.4807632
t3_nespjd,2.966985
t3_nesr78,3.7930691
t3_ness8i,3.4041674
t3_netiw5,4.143138
t3_netmoo,4.4506993
t3_nev02u,3.4239028
t3_nevr5p,4.105903
t3_newfsg,2.9537904
t3_newmgt,2.8539236
t3_newtad,4.118239
t3_nexgjq,2.756168
t3_ney2fg,3.9157627
t3_nf04dr,4.1828847
t3_nf0gc6,4.4008245
t3_nf1dss,4.47041
t3_nf1v00,3.764467
t3_nf2de8,3.4532633
t3_nf38ug,2.7075644
t3_nf3a7q,2.5876133
t3_nf6wfh,2.944958
t3_nf73qg,3.6564286
t3_nf7hzu,4.5341268
t3_nf7oro,4.1813045
t3_nf93i7,4.3407574
t3_nfabcx,2.8090394
t3_nfacjk,3.031413
t3_nfajw5,2.752557
t3_nfcb4k,4.296587
t3_nfciz6,4.346281
t3_nfe8xl,4.1982884
t3_nfewgv,3.4824936
t3_nffta9,3.8191164
t3_nfh1k7,3.8946574
t3_nfk67r,3.7888124
t3_nfkplj,4.4331036
t3_nflcy9,4.190378
t3_nfnb0l,4.5403132
t3_nfpgct,4.275934
t3_nfpn4r,3.450865
t3_nfqr9m,4.145018
t3_nfs14o,4.377223
t3_nfti6t,4.536428
t3_nfwgyz,3.3191926
t3_nfxlop,4.3708196
t3_nfxsot,3.7363884
t3_nfxzs0,3.0863142
t3_ng06ny,4.206738
t3_ng1did,3.2081583
t3_ng34wq,4.404924
t3_ng4ykv,3.6827986
t3_ng4yog,3.8554437
t3_ng7hnw,3.7733855
t3_ng7qtl,4.0011497
t3_ng8gjb,3.33549
t3_ng91kz,2.8125193
t3_ng9z1c,3.6970854
t3_nga8ih,4.614822
t3_ngccat,2.9988723
t3_ngddy7,3.3418138
t3_ngeqik,4.320799
t3_ngeyjh,4.5220537
t3_nggion,3.6616082
t3_nghart,3.2808578
t3_nghv16,3.745126
t3_ngl7p8,3.3807688
t3_nglct8,3.230908
t3_ngljbj,4.114955
t3_ngmewh,4.4414797
t3_ngmore,3.2946134
t3_ngmqa7,3.5352302
t3_ngnkoo,4.3880982
t3_ngnq2j,4.488669
t3_ngopuy,4.4431334
t3_ngpod1,4.3384223
t3_ngr5w8,3.139965
t3_ngs3dw,3.7211754
t3_ngsl14,4.5051923
t3_ngtrdk,3.5799897
t3_nguj7x,4.497101
t3_ngutbn,3.8343835
t3_ngwchk,4.076621
t3_ngwspj,3.463042
t3_ngx5wu,3.8303106
t3_ngxdse,3.8268802
t3_ngxnu8,4.644434
t3_ngyrxk,4.3137774
t3_ngysh5,3.5175464
t3_ngz31c,3.9562752
t3_ngz4yy,4.2993636
t3_nh0wyx,3.5342655
t3_nh0zcd,3.2376783
t3_nh103c,2.8868048
t3_nh1dyp,4.4605227
t3_nh1m3q,4.415792
t3_nh2b2s,3.666512
t3_nh2jdd,4.4149857
t3_nh323o,4.0032063
t3_nh6cpb,3.9308279
t3_nh7n9x,2.7732692
t3_nh87ij,4.053507
t3_nh9i4r,4.542957
t3_nha2ac,2.9103463
t3_nhanfm,3.7647583
t3_nhau1c,4.5870824
t3_nhcjn5,3.884542
t3_nhg3gb,2.9293022
t3_nhgmdn,4.7079916
t3_nhi6fi,3.2771273
t3_nhjuyl,4.5746307
t3_nhkswx,3.938348
t3_nhlpk5,3.0762146
t3_nhng05,4.45108
t3_nho4oj,3.3225675
t3_nht5qy,3.8345277
t3_nhtn2n,2.6381645
t3_nhu70k,4.159988
t3_nhyivh,3.797251
t3_nhzgil,4.4660983
t3_ni6qhg,4.274794
t3_niafhy,3.6576862
t3_niatt7,3.1666577
t3_nidd3u,3.1056874
t3_nideaz,4.506592
t3_nijgy1,4.3602967
t3_nik0ui,2.651902
t3_nikagl,3.6641533
t3_nikvw7,4.369846
t3_nimvsz,3.8164496
t3_nin842,3.2055547
t3_niqd33,2.705684
t3_nirf1p,4.2304287
t3_nishgk,4.4616385
t3_nisy3a,3.814799
t3_nit300,3.4772742
t3_nit6m4,3.444004
t3_niu6y1,4.31235
t3_niumoe,4.5001016
t3_niuocb,3.7867208
t3_nixdx3,2.8644977
t3_nixjx9,3.4759676
t3_niytey,4.382403
t3_nizfjw,3.017976
t3_nj0rvh,3.8965044
t3_nj73do,3.7017741
t3_nj77xj,3.5047967
t3_njaakw,3.162408
t3_njabwh,4.502246
t3_njceew,4.479951
t3_njceps,3.1159165
t3_njeic5,3.6692705
t3_njeokd,3.0545404
t3_njfnte,4.4581795
t3_njgt1s,4.370104
t3_njh2dk,3.1112256
t3_njhjaa,4.42597
t3_njhjiw,3.8190181
t3_njjzb1,3.5258708
t3_njkc73,4.090026
t3_njm6wq,3.2661057
t3_njmptl,3.9795415
t3_njo4rv,4.537192
t3_njorxz,3.2006838
t3_njpjwx,2.8344796
t3_njpppm,3.2877908
t3_njrnxe,4.518655
t3_njs013,4.418906
t3_njszab,3.6867068
t3_njvjws,3.17733
t3_njwq1t,2.6027346
t3_njxaje,3.8109818
t3_njxpao,4.4423885
t3_njxqkc,3.4069324
t3_njyhbz,4.4629927
t3_njyuw9,3.7642198
t3_njznij,4.1683183
t3_njzpfb,3.983625
t3_nk0ijz,4.162674
t3_nk0ka0,4.417334
t3_nk1pxf,3.6513162
t3_nk1quu,4.2944565
t3_nk26ga,4.466242
t3_nk31ds,3.9426103
t3_nk4p3g,3.8597536
t3_nk52fj,3.8467116
t3_nk557a,3.019588
t3_nk5uk9,3.7417202
t3_nk6q6c,2.5630076
t3_nka41x,3.2695105
t3_nkcczr,4.4100323
t3_nkfqg2,4.490045
t3_nkfttw,4.327116
t3_nkjl4y,4.203377
t3_nkkb74,2.544243
t3_nkkmw8,4.460909
t3_nkl3x9,3.4593234
t3_nklcnp,3.5175061
t3_nkn6x8,4.119001
t3_nknrmh,3.1527493
t3_nkof8b,4.460933
t3_nkokgu,3.4989285
t3_nkpwfy,4.544523
t3_nkqop0,4.127492
t3_nktyy5,3.2198164
t3_nkv4pg,4.5086026
t3_nkv76g,4.2676272
t3_nkyly5,3.1771348
t3_nl098l,4.5202174
t3_nl0sc6,3.8599212
t3_nl0uva,3.792182
t3_nl21u3,3.0413136
t3_nl2tk2,4.5395546
t3_nl3hph,4.339067
t3_nl440h,3.28673
t3_nl53tl,4.421694
t3_nl54bg,3.720197
t3_nl6b4h,4.5397744
t3_nl874c,3.8927634
t3_nla11f,3.5696888
t3_nlbyat,4.491592
t3_nlg8uz,4.128564
t3_nli9qd,4.096109
t3_nlis4q,4.2221937
t3_nljel9,4.5254564
t3_nll367,3.6413429
t3_nlnfwa,3.4284842
t3_nlo8rw,3.5371137
t3_nloo49,4.5429716
t3_nlp25i,3.11111
t3_nlprrb,3.9905217
t3_nlrb7l,3.4667723
t3_nlru4f,3.165836
t3_nltpdo,3.6256506
t3_nlumxt,3.0554748
t3_nlvun5,3.4322402
t3_nlvy0t,4.3228674
t3_nlwhim,3.5341377
t3_nlwmcd,4.259016
t3_nlzde1,3.019406
t3_nlzkio,4.477403
t3_nlzpsl,4.6766577
t3_nlzrl6,3.4483397
t3_nm1fw7,3.5804725
t3_nm1jia,4.5688477
t3_nm1tem,3.3613143
t3_nm4b4e,3.2581248
t3_nm4glg,4.526338
t3_nm5vdi,4.1095095
t3_nm8byp,4.4251018
t3_nm8vd5,4.208439
t3_nm9c7b,3.9226978
t3_nmaff6,2.664915
t3_nmekcc,3.7253656
t3_nmemf8,3.0413802
t3_nmfb1x,3.54187
t3_nmh548,3.3450758
t3_nmhxis,4.445498
t3_nmj13o,3.4621456
t3_nmj4mx,4.0105963
t3_nml0td,3.4718668
t3_nmmdxk,4.299337
t3_nmnnpe,3.4155974
t3_nmp1tp,3.7415655
t3_nmpvtx,3.870582
t3_nmq2va,4.4296093
t3_nmriwm,3.8889635
t3_nmsegf,4.035793
t3_nmt7h5,3.3839405
t3_nmtmlh,3.7697654
t3_nmurfi,4.254253
t3_nmwlmf,4.0445166
t3_nmy838,3.4589927
t3_nmyvjv,3.8445573
t3_nmzmh2,3.7340646
t3_nn0647,3.7695858
t3_nn2clt,3.1366675
t3_nn48za,4.341527
t3_nn4ft5,3.7760632
t3_nn502z,3.9850056
t3_nn5g4y,4.403242
t3_nn5tz8,4.50458
t3_nn65wu,4.409599
t3_nn6jqz,3.5347877
t3_nn95zg,4.040272
t3_nn9b2z,4.3671837
t3_nn9d4a,3.911959
t3_nnb7n7,3.4909527
t3_nnbf88,4.2510476
t3_nnchb2,2.1937444
t3_nndrt9,2.7587183
t3_nne521,3.849574
t3_nneck9,4.1035514
t3_nnf2s5,3.4431796
t3_nnietv,2.9984355
t3_nnioh8,4.3322897
t3_nniqyd,4.6276236
t3_nnitt6,3.4620292
t3_nnksv8,3.0063756
t3_nnl2ex,3.1815577
t3_nnmmvz,3.5033724
t3_nnr1o7,3.8080263
t3_nnrwyj,4.4314804
t3_nnumxr,4.1649323
t3_nnuo18,4.643461
t3_nnvoc8,3.860335
t3_nnwn3e,3.5272408
t3_nnwzwc,3.6722302
t3_nnxqfd,4.5687823
t3_nny8dp,2.5630994
t3_nnyp1m,3.494447
t3_nnz7nm,4.467538
t3_no0dr0,3.285195
t3_no0siy,3.3297975
t3_no1htn,3.5460746
t3_no1xdc,4.122075
t3_no1xrz,4.5879188
t3_no3lb3,4.0166106
t3_no3tct,3.7654808
t3_no4wlb,4.2237167
t3_no52k0,4.6185365
t3_no7x4f,3.8437872
t3_no84tc,3.5171812
t3_no94wz,4.4695363
t3_nob38t,4.078571
t3_nockdv,4.2419457
t3_nocmdz,3.472502
t3_nod25r,4.449856
t3_nodx30,3.2037423
t3_noez6h,3.0335987
t3_nogj6d,4.390701
t3_noh6z4,3.6319969
t3_nohlmn,3.2267964
t3_nojmhe,4.452681
t3_nok7hj,4.3832273
t3_nokkns,4.3913183
t3_nomiiu,3.7119007
t3_nonues,2.5677905
t3_noo96b,4.3586116
t3_nop3h9,4.29459
t3_nopam3,3.8434284
t3_nopdol,3.1263006
t3_noqce0,4.2284627
t3_nordlf,4.2768283
t3_noset4,4.354232
t3_nosjwx,3.6247227
t3_novfcd,2.5771039
t3_novkso,2.3205283
t3_noxslz,3.1391802
t3_noxvlu,4.1689863
t3_noxy3p,4.499137
t3_noyy6e,4.451694
t3_nozqov,4.1629143
t3_nozrho,3.3528788
t3_np23bb,4.6456466
t3_np36cn,4.210966
t3_np41ys,4.462375
t3_np4hys,3.1886938
t3_np4u94,3.036234
t3_np97uv,4.219557
t3_npa99i,3.2821023
t3_npawfl,3.6977344
t3_npcd6d,4.394333
t3_npetek,3.3227377
t3_npf75y,4.0207977
t3_npfan5,4.6868544
t3_npg62d,2.9815357
